"kind","relative_path","size_bytes","last_write_time","sha256"
"raw","选课\选课_files\01.png","49664","2026-08-26T02:29:32.6150000-07:00","D0940216B21C68A9C8E516E53ED65C2299DFF4B14173FA9F3D335BB350189E15"
"raw","选课\选课_files\02.png","37406","2026-08-26T02:29:32.6230000-07:00","A9E06A378AAF6EE3C5C0F16CAF96FA3D3ABA3226D8B2F3EA89914B4071A34E1A"
"raw","选课\选课_files\bh_utils.js","49820","2026-08-26T02:29:32.6720000-07:00","3E32AEEE2DB06F1A1F675CE7E405A3F938E6E8338258C00C0F7089C4E0F1D9AC"
"raw","选课\选课_files\bhTip.css","8562","2026-08-26T02:29:32.4940000-07:00","E7E20C7388FE655E1A58BA080591CCEC11E9E2718BB1F739B79787AB80ECFA17"
"raw","选课\选课_files\bhTip.js","10317","2026-08-26T02:29:32.7070000-07:00","2FC3352ABB5F6959FC20B1AC36C5EBB6EFD91B424C09382D428DA663D9478371"
"raw","选课\选课_files\bhwindow.css","1410","2026-08-26T02:29:32.5280000-07:00","EA677F229F53449EB647F3355240286A54D4DF15C1F03DD0C1F0F5A6674B4FAF"
"raw","选课\选课_files\change-electiveBatch.png","443","2026-08-26T02:29:32.5830000-07:00","BB2674300F210E3C4C495DBF5146E4984C6FE659BAF59EA46B9C78CC27A27EED"
"raw","选课\选课_files\choice-icon.png","37809","2026-08-26T02:29:32.6020000-07:00","F9FC67081E7C2CD33DB834377A05AD70CC19F35DD3BEB0C68DA889FA93AACD6F"
"raw","选课\选课_files\course-icon.png","39397","2026-08-26T02:29:32.5720000-07:00","6FA7AC9D517DCEB0554CB689798A1FE175C653C1E8D528C46A2CE39B01A2FADD"
"raw","选课\选课_files\departurelog.js","5980","2026-08-26T02:29:32.7590000-07:00","6AEC878B15E451356C17561AB470C2F7A9BE5F2235F3B20BA3F77F9FAC7FFE1C"
"raw","选课\选课_files\departurelogBS.js","330","2026-08-26T02:29:32.7680000-07:00","DB722D74636A659228DE26353BE2CE015005EAC3B158FD2E6ED5C460DF48F2F4"
"raw","选课\选课_files\dialog-icon.png","1255","2026-08-26T02:29:32.6090000-07:00","26E0A05D302D15BEE6D27F49646DD22B70D4DBC89BCA12822B1E1E3EE231D508"
"raw","选课\选课_files\electiveBatchAndXz.css","1483","2026-08-26T02:29:32.5470000-07:00","C4C4F8B7E77D8F78614577CC3975DCA6DFA0B891C7C9C68AA11F196DA4580665"
"raw","选课\选课_files\grablessons.css","54579","2026-08-26T02:29:32.5060000-07:00","C4C4915DB780CAE1D2D72A12B7477BE5153CA48EDA8159B564E3544E4CDE6605"
"raw","选课\选课_files\grablessons.js","235170","2026-08-26T02:29:32.7260000-07:00","1B87DC7DE9033765A226317AB41F03A0694B4DA6BECD9B6D7D9DB056B3273677"
"raw","选课\选课_files\grablessonsBS.js","488","2026-08-26T02:29:32.7530000-07:00","356265AD67BE5164841A2161615B961D8E5314C9BF2402F6897EDF7F9BA2972D"
"raw","选课\选课_files\indexBS.js","3797","2026-08-26T02:29:32.7200000-07:00","7FBE2ED9D2FBD25CABE87FA4EE0D3AF1BBA7F7B6A594BDF881CBFA5A54CF431D"
"raw","选课\选课_files\jquery-2.1.1.min.js","84245","2026-08-26T02:29:32.6340000-07:00","874706B2B1311A0719B5267F7D1CF803057E367E94AE1FF7BF78C5450D30F5D4"
"raw","选课\选课_files\jquery.nicescroll.min.js","60534","2026-08-26T02:29:32.6480000-07:00","91937C5DB3A3B9DE6FF75E5C5D27C814D294D582AD5C2CA10106F04B0D9C1FE1"
"raw","选课\选课_files\jqxcore.js","137597","2026-08-26T02:29:32.6540000-07:00","BA9DA9FBEA04617E08D9F377E51627086AC180E223C9B09ACAAF7ED7F9D26355"
"raw","选课\选课_files\jqxTabs.css","8199","2026-08-26T02:29:32.5340000-07:00","075A8C4575D1CD6C412CD3E6232847C2D7586BB78CAE5B2980011AA53719F328"
"raw","选课\选课_files\jqxtabs.js","53839","2026-08-26T02:29:32.6590000-07:00","BDDBB29153C363FBD938EB6AA225FD897F07A5F11F2605151A4FBA96BC2A46CA"
"raw","选课\选课_files\jqxwindow.js","61851","2026-08-26T02:29:32.6660000-07:00","9858483997F017D93629B18C2C1C41BF0194150784FAC56719BB2DA7B27B5124"
"raw","选课\选课_files\loginInUserRegister.js","2130","2026-08-26T02:29:32.7150000-07:00","D7051F998113A84E11A0615941A6F9DD214B4222CB57C7D1E15E48FAC3544722"
"raw","选课\选课_files\logo-mini.png","8636","2026-08-26T02:29:32.5590000-07:00","481867755C6DDB47B1C77208AD938E89CBB66A68DE3C9E4A5FB4239C1E31B07F"
"raw","选课\选课_files\messageQueueTable.css","814","2026-08-26T02:29:32.5540000-07:00","926051CDC5C9E651AC2D73DF11DE6FB3AA6611DD8AA9E969E0D8E9B0FD328E53"
"raw","选课\选课_files\saved_resource.html","1418","2026-08-26T02:29:32.8230000-07:00","2E36D3D73313E963AF02AD4CB3F2AE0D1172BC44EA74CBA92E8F157CB3F83C2E"
"raw","选课\选课_files\saved_resource(1).html","149","2026-08-26T02:29:32.8370000-07:00","97F9B10039B05E1AF4A3C9B778FC72BA44CF68A376E4EC1D55F2558F16CF3E50"
"raw","选课\选课_files\score.png","418","2026-08-26T02:29:32.5960000-07:00","034E7E2DAD3DCB5CE830C046245658A24EB7947D7873700F0D2DCD58537ED844"
"raw","选课\选课_files\selectedcourse.js","34324","2026-08-26T02:29:32.7760000-07:00","48F2A5004A8DA94BCCA6CF04D1BFB886E8F9AA28ED3A60136D73F3D62055D322"
"raw","选课\选课_files\selectedcourseBS.js","1699","2026-08-26T02:29:32.7860000-07:00","6698722DD3D070E39A055943589F921966CF016561DC6557AFBF786180C146DB"
"raw","选课\选课_files\sidebar.js","28906","2026-08-26T02:29:32.7330000-07:00","E630B3892AA23EF5879EB7629EFAB447D70C596E8A351EC38294EB7E3313ED3C"
"raw","选课\选课_files\Sortable-1.3.0.js","29446","2026-08-26T02:29:32.6820000-07:00","9452C6C5A85D78C674AAA39C413C528EDE0539CCD97C7B0B207BBBBBF3E79162"
"raw","选课\选课_files\unsuccessful-icon.png","3785","2026-08-26T02:29:32.5770000-07:00","7AFAA41C5672A0E6552E3E68744C6761765EE3D6EE62FD997BBE79C8E841665A"
"raw","选课\选课_files\user-icon.png","50830","2026-08-26T02:29:32.5660000-07:00","EA88FAC5ACC5FC906C247722D60482F8683A4D25702E74CE6259FA27B52D7E13"
"raw","选课\选课_files\xfimage.js","2939","2026-08-26T02:29:32.6980000-07:00","6F931AD33DD1D41679B28632119053C7D4D8A424E9F90A0171A32E782FC36C58"
"raw","选课\选课_files\xsxkpub.js","12917","2026-08-26T02:29:32.8100000-07:00","AFDF6B0A673E7B9993B5E008094D407B65344243634605E3361DB56B0EE08FB3"
"raw","选课\选课.html","104837","2026-08-26T02:29:32.8400000-07:00","423D3DFC0B4A3ACB320B355E1725C10F816B66DE6B98222ACA321E4C3ACE81F0"
"raw","选课点击后\选课点击后_files\01.png","49664","2026-08-26T02:30:08.6710000-07:00","D0940216B21C68A9C8E516E53ED65C2299DFF4B14173FA9F3D335BB350189E15"
"raw","选课点击后\选课点击后_files\02.png","37406","2026-08-26T02:30:08.6760000-07:00","A9E06A378AAF6EE3C5C0F16CAF96FA3D3ABA3226D8B2F3EA89914B4071A34E1A"
"raw","选课点击后\选课点击后_files\bh_utils.js","49820","2026-08-26T02:30:08.7260000-07:00","3E32AEEE2DB06F1A1F675CE7E405A3F938E6E8338258C00C0F7089C4E0F1D9AC"
"raw","选课点击后\选课点击后_files\bhTip.css","8562","2026-08-26T02:30:08.5430000-07:00","E7E20C7388FE655E1A58BA080591CCEC11E9E2718BB1F739B79787AB80ECFA17"
"raw","选课点击后\选课点击后_files\bhTip.js","10317","2026-08-26T02:30:08.7670000-07:00","2FC3352ABB5F6959FC20B1AC36C5EBB6EFD91B424C09382D428DA663D9478371"
"raw","选课点击后\选课点击后_files\bhwindow.css","1410","2026-08-26T02:30:08.5720000-07:00","EA677F229F53449EB647F3355240286A54D4DF15C1F03DD0C1F0F5A6674B4FAF"
"raw","选课点击后\选课点击后_files\change-electiveBatch.png","443","2026-08-26T02:30:08.6350000-07:00","BB2674300F210E3C4C495DBF5146E4984C6FE659BAF59EA46B9C78CC27A27EED"
"raw","选课点击后\选课点击后_files\choice-icon.png","37809","2026-08-26T02:30:08.6590000-07:00","F9FC67081E7C2CD33DB834377A05AD70CC19F35DD3BEB0C68DA889FA93AACD6F"
"raw","选课点击后\选课点击后_files\course-icon.png","39397","2026-08-26T02:30:08.6230000-07:00","6FA7AC9D517DCEB0554CB689798A1FE175C653C1E8D528C46A2CE39B01A2FADD"
"raw","选课点击后\选课点击后_files\departurelog.js","5980","2026-08-26T02:30:08.8680000-07:00","6AEC878B15E451356C17561AB470C2F7A9BE5F2235F3B20BA3F77F9FAC7FFE1C"
"raw","选课点击后\选课点击后_files\departurelogBS.js","330","2026-08-26T02:30:08.8750000-07:00","DB722D74636A659228DE26353BE2CE015005EAC3B158FD2E6ED5C460DF48F2F4"
"raw","选课点击后\选课点击后_files\dialog-icon.png","1255","2026-08-26T02:30:08.6650000-07:00","26E0A05D302D15BEE6D27F49646DD22B70D4DBC89BCA12822B1E1E3EE231D508"
"raw","选课点击后\选课点击后_files\dialog-icon(1).png","1255","2026-08-26T02:30:08.9160000-07:00","26E0A05D302D15BEE6D27F49646DD22B70D4DBC89BCA12822B1E1E3EE231D508"
"raw","选课点击后\选课点击后_files\electiveBatchAndXz.css","1483","2026-08-26T02:30:08.5850000-07:00","C4C4F8B7E77D8F78614577CC3975DCA6DFA0B891C7C9C68AA11F196DA4580665"
"raw","选课点击后\选课点击后_files\grablessons.css","54579","2026-08-26T02:30:08.5650000-07:00","C4C4915DB780CAE1D2D72A12B7477BE5153CA48EDA8159B564E3544E4CDE6605"
"raw","选课点击后\选课点击后_files\grablessons.js","235170","2026-08-26T02:30:08.8200000-07:00","1B87DC7DE9033765A226317AB41F03A0694B4DA6BECD9B6D7D9DB056B3273677"
"raw","选课点击后\选课点击后_files\grablessonsBS.js","488","2026-08-26T02:30:08.8550000-07:00","356265AD67BE5164841A2161615B961D8E5314C9BF2402F6897EDF7F9BA2972D"
"raw","选课点击后\选课点击后_files\indexBS.js","3797","2026-08-26T02:30:08.8070000-07:00","7FBE2ED9D2FBD25CABE87FA4EE0D3AF1BBA7F7B6A594BDF881CBFA5A54CF431D"
"raw","选课点击后\选课点击后_files\jquery-2.1.1.min.js","84245","2026-08-26T02:30:08.6830000-07:00","874706B2B1311A0719B5267F7D1CF803057E367E94AE1FF7BF78C5450D30F5D4"
"raw","选课点击后\选课点击后_files\jquery.nicescroll.min.js","60534","2026-08-26T02:30:08.7030000-07:00","91937C5DB3A3B9DE6FF75E5C5D27C814D294D582AD5C2CA10106F04B0D9C1FE1"
"raw","选课点击后\选课点击后_files\jqxcore.js","137597","2026-08-26T02:30:08.7090000-07:00","BA9DA9FBEA04617E08D9F377E51627086AC180E223C9B09ACAAF7ED7F9D26355"
"raw","选课点击后\选课点击后_files\jqxTabs.css","8199","2026-08-26T02:30:08.5790000-07:00","075A8C4575D1CD6C412CD3E6232847C2D7586BB78CAE5B2980011AA53719F328"
"raw","选课点击后\选课点击后_files\jqxtabs.js","53839","2026-08-26T02:30:08.7160000-07:00","BDDBB29153C363FBD938EB6AA225FD897F07A5F11F2605151A4FBA96BC2A46CA"
"raw","选课点击后\选课点击后_files\jqxwindow.js","61851","2026-08-26T02:30:08.7210000-07:00","9858483997F017D93629B18C2C1C41BF0194150784FAC56719BB2DA7B27B5124"
"raw","选课点击后\选课点击后_files\loginInUserRegister.js","2130","2026-08-26T02:30:08.7900000-07:00","D7051F998113A84E11A0615941A6F9DD214B4222CB57C7D1E15E48FAC3544722"
"raw","选课点击后\选课点击后_files\logo-mini.png","8636","2026-08-26T02:30:08.6100000-07:00","481867755C6DDB47B1C77208AD938E89CBB66A68DE3C9E4A5FB4239C1E31B07F"
"raw","选课点击后\选课点击后_files\messageQueueTable.css","814","2026-08-26T02:30:08.6030000-07:00","926051CDC5C9E651AC2D73DF11DE6FB3AA6611DD8AA9E969E0D8E9B0FD328E53"
"raw","选课点击后\选课点击后_files\saved_resource.html","1418","2026-08-26T02:30:08.9220000-07:00","2E36D3D73313E963AF02AD4CB3F2AE0D1172BC44EA74CBA92E8F157CB3F83C2E"
"raw","选课点击后\选课点击后_files\saved_resource(1).html","149","2026-08-26T02:30:08.9220000-07:00","97F9B10039B05E1AF4A3C9B778FC72BA44CF68A376E4EC1D55F2558F16CF3E50"
"raw","选课点击后\选课点击后_files\score.png","418","2026-08-26T02:30:08.6540000-07:00","034E7E2DAD3DCB5CE830C046245658A24EB7947D7873700F0D2DCD58537ED844"
"raw","选课点击后\选课点击后_files\selectedcourse.js","34324","2026-08-26T02:30:08.8830000-07:00","48F2A5004A8DA94BCCA6CF04D1BFB886E8F9AA28ED3A60136D73F3D62055D322"
"raw","选课点击后\选课点击后_files\selectedcourseBS.js","1699","2026-08-26T02:30:08.9030000-07:00","6698722DD3D070E39A055943589F921966CF016561DC6557AFBF786180C146DB"
"raw","选课点击后\选课点击后_files\sidebar.js","28906","2026-08-26T02:30:08.8310000-07:00","E630B3892AA23EF5879EB7629EFAB447D70C596E8A351EC38294EB7E3313ED3C"
"raw","选课点击后\选课点击后_files\Sortable-1.3.0.js","29446","2026-08-26T02:30:08.7330000-07:00","9452C6C5A85D78C674AAA39C413C528EDE0539CCD97C7B0B207BBBBBF3E79162"
"raw","选课点击后\选课点击后_files\unsuccessful-icon.png","3785","2026-08-26T02:30:08.6290000-07:00","7AFAA41C5672A0E6552E3E68744C6761765EE3D6EE62FD997BBE79C8E841665A"
"raw","选课点击后\选课点击后_files\user-icon.png","50830","2026-08-26T02:30:08.6160000-07:00","EA88FAC5ACC5FC906C247722D60482F8683A4D25702E74CE6259FA27B52D7E13"
"raw","选课点击后\选课点击后_files\xfimage.js","2939","2026-08-26T02:30:08.7550000-07:00","6F931AD33DD1D41679B28632119053C7D4D8A424E9F90A0171A32E782FC36C58"
"raw","选课点击后\选课点击后_files\xsxkpub.js","12917","2026-08-26T02:30:08.9090000-07:00","AFDF6B0A673E7B9993B5E008094D407B65344243634605E3361DB56B0EE08FB3"
"raw","选课点击后\选课点击后.html","105579","2026-08-26T02:30:08.9240000-07:00","CB5D4F17C914EB4CB350349CA194E9CFD08AB8F8FA9CCB560FF3C8220D086E85"
"raw","选课失败弹窗\选课失败弹窗_files\01.png","49664","2026-08-26T02:30:26.3040000-07:00","D0940216B21C68A9C8E516E53ED65C2299DFF4B14173FA9F3D335BB350189E15"
"raw","选课失败弹窗\选课失败弹窗_files\02.png","37406","2026-08-26T02:30:26.3090000-07:00","A9E06A378AAF6EE3C5C0F16CAF96FA3D3ABA3226D8B2F3EA89914B4071A34E1A"
"raw","选课失败弹窗\选课失败弹窗_files\bh_utils.js","49820","2026-08-26T02:30:26.3590000-07:00","3E32AEEE2DB06F1A1F675CE7E405A3F938E6E8338258C00C0F7089C4E0F1D9AC"
"raw","选课失败弹窗\选课失败弹窗_files\bhTip.css","8562","2026-08-26T02:30:26.1660000-07:00","E7E20C7388FE655E1A58BA080591CCEC11E9E2718BB1F739B79787AB80ECFA17"
"raw","选课失败弹窗\选课失败弹窗_files\bhTip.js","10317","2026-08-26T02:30:26.3770000-07:00","2FC3352ABB5F6959FC20B1AC36C5EBB6EFD91B424C09382D428DA663D9478371"
"raw","选课失败弹窗\选课失败弹窗_files\bhwindow.css","1410","2026-08-26T02:30:26.2020000-07:00","EA677F229F53449EB647F3355240286A54D4DF15C1F03DD0C1F0F5A6674B4FAF"
"raw","选课失败弹窗\选课失败弹窗_files\change-electiveBatch.png","443","2026-08-26T02:30:26.2650000-07:00","BB2674300F210E3C4C495DBF5146E4984C6FE659BAF59EA46B9C78CC27A27EED"
"raw","选课失败弹窗\选课失败弹窗_files\choice-icon.png","37809","2026-08-26T02:30:26.2760000-07:00","F9FC67081E7C2CD33DB834377A05AD70CC19F35DD3BEB0C68DA889FA93AACD6F"
"raw","选课失败弹窗\选课失败弹窗_files\course-icon.png","39397","2026-08-26T02:30:26.2540000-07:00","6FA7AC9D517DCEB0554CB689798A1FE175C653C1E8D528C46A2CE39B01A2FADD"
"raw","选课失败弹窗\选课失败弹窗_files\departurelog.js","5980","2026-08-26T02:30:26.4250000-07:00","6AEC878B15E451356C17561AB470C2F7A9BE5F2235F3B20BA3F77F9FAC7FFE1C"
"raw","选课失败弹窗\选课失败弹窗_files\departurelogBS.js","330","2026-08-26T02:30:26.4300000-07:00","DB722D74636A659228DE26353BE2CE015005EAC3B158FD2E6ED5C460DF48F2F4"
"raw","选课失败弹窗\选课失败弹窗_files\dialog-icon.png","1255","2026-08-26T02:30:26.2810000-07:00","26E0A05D302D15BEE6D27F49646DD22B70D4DBC89BCA12822B1E1E3EE231D508"
"raw","选课失败弹窗\选课失败弹窗_files\dialog-icon(1).png","1255","2026-08-26T02:30:26.4670000-07:00","26E0A05D302D15BEE6D27F49646DD22B70D4DBC89BCA12822B1E1E3EE231D508"
"raw","选课失败弹窗\选课失败弹窗_files\electiveBatchAndXz.css","1483","2026-08-26T02:30:26.2140000-07:00","C4C4F8B7E77D8F78614577CC3975DCA6DFA0B891C7C9C68AA11F196DA4580665"
"raw","选课失败弹窗\选课失败弹窗_files\grablessons.css","54579","2026-08-26T02:30:26.1770000-07:00","C4C4915DB780CAE1D2D72A12B7477BE5153CA48EDA8159B564E3544E4CDE6605"
"raw","选课失败弹窗\选课失败弹窗_files\grablessons.js","235170","2026-08-26T02:30:26.4100000-07:00","1B87DC7DE9033765A226317AB41F03A0694B4DA6BECD9B6D7D9DB056B3273677"
"raw","选课失败弹窗\选课失败弹窗_files\grablessonsBS.js","488","2026-08-26T02:30:26.4200000-07:00","356265AD67BE5164841A2161615B961D8E5314C9BF2402F6897EDF7F9BA2972D"
"raw","选课失败弹窗\选课失败弹窗_files\indexBS.js","3797","2026-08-26T02:30:26.4040000-07:00","7FBE2ED9D2FBD25CABE87FA4EE0D3AF1BBA7F7B6A594BDF881CBFA5A54CF431D"
"raw","选课失败弹窗\选课失败弹窗_files\jquery-2.1.1.min.js","84245","2026-08-26T02:30:26.3150000-07:00","874706B2B1311A0719B5267F7D1CF803057E367E94AE1FF7BF78C5450D30F5D4"
"raw","选课失败弹窗\选课失败弹窗_files\jquery.nicescroll.min.js","60534","2026-08-26T02:30:26.3210000-07:00","91937C5DB3A3B9DE6FF75E5C5D27C814D294D582AD5C2CA10106F04B0D9C1FE1"
"raw","选课失败弹窗\选课失败弹窗_files\jqxcore.js","137597","2026-08-26T02:30:26.3260000-07:00","BA9DA9FBEA04617E08D9F377E51627086AC180E223C9B09ACAAF7ED7F9D26355"
"raw","选课失败弹窗\选课失败弹窗_files\jqxTabs.css","8199","2026-08-26T02:30:26.2080000-07:00","075A8C4575D1CD6C412CD3E6232847C2D7586BB78CAE5B2980011AA53719F328"
"raw","选课失败弹窗\选课失败弹窗_files\jqxtabs.js","53839","2026-08-26T02:30:26.3310000-07:00","BDDBB29153C363FBD938EB6AA225FD897F07A5F11F2605151A4FBA96BC2A46CA"
"raw","选课失败弹窗\选课失败弹窗_files\jqxwindow.js","61851","2026-08-26T02:30:26.3540000-07:00","9858483997F017D93629B18C2C1C41BF0194150784FAC56719BB2DA7B27B5124"
"raw","选课失败弹窗\选课失败弹窗_files\loginInUserRegister.js","2130","2026-08-26T02:30:26.3820000-07:00","D7051F998113A84E11A0615941A6F9DD214B4222CB57C7D1E15E48FAC3544722"
"raw","选课失败弹窗\选课失败弹窗_files\logo-mini.png","8636","2026-08-26T02:30:26.2260000-07:00","481867755C6DDB47B1C77208AD938E89CBB66A68DE3C9E4A5FB4239C1E31B07F"
"raw","选课失败弹窗\选课失败弹窗_files\messageQueueTable.css","814","2026-08-26T02:30:26.2200000-07:00","926051CDC5C9E651AC2D73DF11DE6FB3AA6611DD8AA9E969E0D8E9B0FD328E53"
"raw","选课失败弹窗\选课失败弹窗_files\saved_resource.html","1418","2026-08-26T02:30:26.4720000-07:00","2E36D3D73313E963AF02AD4CB3F2AE0D1172BC44EA74CBA92E8F157CB3F83C2E"
"raw","选课失败弹窗\选课失败弹窗_files\saved_resource(1).html","149","2026-08-26T02:30:26.4720000-07:00","97F9B10039B05E1AF4A3C9B778FC72BA44CF68A376E4EC1D55F2558F16CF3E50"
"raw","选课失败弹窗\选课失败弹窗_files\score.png","418","2026-08-26T02:30:26.2710000-07:00","034E7E2DAD3DCB5CE830C046245658A24EB7947D7873700F0D2DCD58537ED844"
"raw","选课失败弹窗\选课失败弹窗_files\selectedcourse.js","34324","2026-08-26T02:30:26.4350000-07:00","48F2A5004A8DA94BCCA6CF04D1BFB886E8F9AA28ED3A60136D73F3D62055D322"
"raw","选课失败弹窗\选课失败弹窗_files\selectedcourseBS.js","1699","2026-08-26T02:30:26.4540000-07:00","6698722DD3D070E39A055943589F921966CF016561DC6557AFBF786180C146DB"
"raw","选课失败弹窗\选课失败弹窗_files\sidebar.js","28906","2026-08-26T02:30:26.4150000-07:00","E630B3892AA23EF5879EB7629EFAB447D70C596E8A351EC38294EB7E3313ED3C"
"raw","选课失败弹窗\选课失败弹窗_files\Sortable-1.3.0.js","29446","2026-08-26T02:30:26.3640000-07:00","9452C6C5A85D78C674AAA39C413C528EDE0539CCD97C7B0B207BBBBBF3E79162"
"raw","选课失败弹窗\选课失败弹窗_files\unsuccessful-icon.png","3785","2026-08-26T02:30:26.2600000-07:00","7AFAA41C5672A0E6552E3E68744C6761765EE3D6EE62FD997BBE79C8E841665A"
"raw","选课失败弹窗\选课失败弹窗_files\user-icon.png","50830","2026-08-26T02:30:26.2320000-07:00","EA88FAC5ACC5FC906C247722D60482F8683A4D25702E74CE6259FA27B52D7E13"
"raw","选课失败弹窗\选课失败弹窗_files\xfimage.js","2939","2026-08-26T02:30:26.3690000-07:00","6F931AD33DD1D41679B28632119053C7D4D8A424E9F90A0171A32E782FC36C58"
"raw","选课失败弹窗\选课失败弹窗_files\xsxkpub.js","12917","2026-08-26T02:30:26.4600000-07:00","AFDF6B0A673E7B9993B5E008094D407B65344243634605E3361DB56B0EE08FB3"
"raw","选课失败弹窗\选课失败弹窗.html","105605","2026-08-26T02:30:26.4740000-07:00","BE34030895C8E44FF02EE6C93040E191486406A09552968D24E33FF0F747E6FD"
"raw","README.md","312","2026-08-26T03:17:39.9803723-07:00","6FCF0D0EA7AA202B469DCA92495944FF7CE9EA9DF3CC56B5B9A9295780FF22DC"
"sanitized","选课\选课_files\01.png","49664","2026-08-26T02:29:32.6150000-07:00","D0940216B21C68A9C8E516E53ED65C2299DFF4B14173FA9F3D335BB350189E15"
"sanitized","选课\选课_files\02.png","37406","2026-08-26T02:29:32.6230000-07:00","A9E06A378AAF6EE3C5C0F16CAF96FA3D3ABA3226D8B2F3EA89914B4071A34E1A"
"sanitized","选课\选课_files\bh_utils.js","49820","2026-08-26T02:29:32.6720000-07:00","3E32AEEE2DB06F1A1F675CE7E405A3F938E6E8338258C00C0F7089C4E0F1D9AC"
"sanitized","选课\选课_files\bhTip.css","8562","2026-08-26T02:29:32.4940000-07:00","E7E20C7388FE655E1A58BA080591CCEC11E9E2718BB1F739B79787AB80ECFA17"
"sanitized","选课\选课_files\bhTip.js","10317","2026-08-26T02:29:32.7070000-07:00","2FC3352ABB5F6959FC20B1AC36C5EBB6EFD91B424C09382D428DA663D9478371"
"sanitized","选课\选课_files\bhwindow.css","1410","2026-08-26T02:29:32.5280000-07:00","EA677F229F53449EB647F3355240286A54D4DF15C1F03DD0C1F0F5A6674B4FAF"
"sanitized","选课\选课_files\change-electiveBatch.png","443","2026-08-26T02:29:32.5830000-07:00","BB2674300F210E3C4C495DBF5146E4984C6FE659BAF59EA46B9C78CC27A27EED"
"sanitized","选课\选课_files\choice-icon.png","37809","2026-08-26T02:29:32.6020000-07:00","F9FC67081E7C2CD33DB834377A05AD70CC19F35DD3BEB0C68DA889FA93AACD6F"
"sanitized","选课\选课_files\course-icon.png","39397","2026-08-26T02:29:32.5720000-07:00","6FA7AC9D517DCEB0554CB689798A1FE175C653C1E8D528C46A2CE39B01A2FADD"
"sanitized","选课\选课_files\departurelog.js","5980","2026-08-26T02:29:32.7590000-07:00","6AEC878B15E451356C17561AB470C2F7A9BE5F2235F3B20BA3F77F9FAC7FFE1C"
"sanitized","选课\选课_files\departurelogBS.js","330","2026-08-26T02:29:32.7680000-07:00","DB722D74636A659228DE26353BE2CE015005EAC3B158FD2E6ED5C460DF48F2F4"
"sanitized","选课\选课_files\dialog-icon.png","1255","2026-08-26T02:29:32.6090000-07:00","26E0A05D302D15BEE6D27F49646DD22B70D4DBC89BCA12822B1E1E3EE231D508"
"sanitized","选课\选课_files\electiveBatchAndXz.css","1483","2026-08-26T02:29:32.5470000-07:00","C4C4F8B7E77D8F78614577CC3975DCA6DFA0B891C7C9C68AA11F196DA4580665"
"sanitized","选课\选课_files\grablessons.css","54579","2026-08-26T02:29:32.5060000-07:00","C4C4915DB780CAE1D2D72A12B7477BE5153CA48EDA8159B564E3544E4CDE6605"
"sanitized","选课\选课_files\grablessons.js","235170","2026-08-26T02:29:32.7260000-07:00","1B87DC7DE9033765A226317AB41F03A0694B4DA6BECD9B6D7D9DB056B3273677"
"sanitized","选课\选课_files\grablessonsBS.js","488","2026-08-26T02:29:32.7530000-07:00","356265AD67BE5164841A2161615B961D8E5314C9BF2402F6897EDF7F9BA2972D"
"sanitized","选课\选课_files\indexBS.js","3797","2026-08-26T02:29:32.7200000-07:00","7FBE2ED9D2FBD25CABE87FA4EE0D3AF1BBA7F7B6A594BDF881CBFA5A54CF431D"
"sanitized","选课\选课_files\jquery-2.1.1.min.js","84245","2026-08-26T02:29:32.6340000-07:00","874706B2B1311A0719B5267F7D1CF803057E367E94AE1FF7BF78C5450D30F5D4"
"sanitized","选课\选课_files\jquery.nicescroll.min.js","60534","2026-08-26T02:29:32.6480000-07:00","91937C5DB3A3B9DE6FF75E5C5D27C814D294D582AD5C2CA10106F04B0D9C1FE1"
"sanitized","选课\选课_files\jqxcore.js","137597","2026-08-26T02:29:32.6540000-07:00","BA9DA9FBEA04617E08D9F377E51627086AC180E223C9B09ACAAF7ED7F9D26355"
"sanitized","选课\选课_files\jqxTabs.css","8199","2026-08-26T02:29:32.5340000-07:00","075A8C4575D1CD6C412CD3E6232847C2D7586BB78CAE5B2980011AA53719F328"
"sanitized","选课\选课_files\jqxtabs.js","53839","2026-08-26T02:29:32.6590000-07:00","BDDBB29153C363FBD938EB6AA225FD897F07A5F11F2605151A4FBA96BC2A46CA"
"sanitized","选课\选课_files\jqxwindow.js","61851","2026-08-26T02:29:32.6660000-07:00","9858483997F017D93629B18C2C1C41BF0194150784FAC56719BB2DA7B27B5124"
"sanitized","选课\选课_files\loginInUserRegister.js","2130","2026-08-26T02:29:32.7150000-07:00","D7051F998113A84E11A0615941A6F9DD214B4222CB57C7D1E15E48FAC3544722"
"sanitized","选课\选课_files\logo-mini.png","8636","2026-08-26T02:29:32.5590000-07:00","481867755C6DDB47B1C77208AD938E89CBB66A68DE3C9E4A5FB4239C1E31B07F"
"sanitized","选课\选课_files\messageQueueTable.css","814","2026-08-26T02:29:32.5540000-07:00","926051CDC5C9E651AC2D73DF11DE6FB3AA6611DD8AA9E969E0D8E9B0FD328E53"
"sanitized","选课\选课_files\saved_resource.html","1418","2026-08-26T03:03:43.5774972-07:00","2E36D3D73313E963AF02AD4CB3F2AE0D1172BC44EA74CBA92E8F157CB3F83C2E"
"sanitized","选课\选课_files\saved_resource(1).html","149","2026-08-26T03:03:43.5784439-07:00","97F9B10039B05E1AF4A3C9B778FC72BA44CF68A376E4EC1D55F2558F16CF3E50"
"sanitized","选课\选课_files\score.png","418","2026-08-26T02:29:32.5960000-07:00","034E7E2DAD3DCB5CE830C046245658A24EB7947D7873700F0D2DCD58537ED844"
"sanitized","选课\选课_files\selectedcourse.js","34324","2026-08-26T02:29:32.7760000-07:00","48F2A5004A8DA94BCCA6CF04D1BFB886E8F9AA28ED3A60136D73F3D62055D322"
"sanitized","选课\选课_files\selectedcourseBS.js","1699","2026-08-26T02:29:32.7860000-07:00","6698722DD3D070E39A055943589F921966CF016561DC6557AFBF786180C146DB"
"sanitized","选课\选课_files\sidebar.js","28906","2026-08-26T02:29:32.7330000-07:00","E630B3892AA23EF5879EB7629EFAB447D70C596E8A351EC38294EB7E3313ED3C"
"sanitized","选课\选课_files\Sortable-1.3.0.js","29446","2026-08-26T02:29:32.6820000-07:00","9452C6C5A85D78C674AAA39C413C528EDE0539CCD97C7B0B207BBBBBF3E79162"
"sanitized","选课\选课_files\unsuccessful-icon.png","3785","2026-08-26T02:29:32.5770000-07:00","7AFAA41C5672A0E6552E3E68744C6761765EE3D6EE62FD997BBE79C8E841665A"
"sanitized","选课\选课_files\user-icon.png","50830","2026-08-26T02:29:32.5660000-07:00","EA88FAC5ACC5FC906C247722D60482F8683A4D25702E74CE6259FA27B52D7E13"
"sanitized","选课\选课_files\xfimage.js","2939","2026-08-26T02:29:32.6980000-07:00","6F931AD33DD1D41679B28632119053C7D4D8A424E9F90A0171A32E782FC36C58"
"sanitized","选课\选课_files\xsxkpub.js","12917","2026-08-26T02:29:32.8100000-07:00","AFDF6B0A673E7B9993B5E008094D407B65344243634605E3361DB56B0EE08FB3"
"sanitized","选课\选课.html","104497","2026-08-26T03:03:43.5759896-07:00","F785D920B2D6BC358D1453BDAD513520A2B6C65154FA5E7606AB4EE6C60E8972"
"sanitized","选课点击后\选课点击后_files\01.png","49664","2026-08-26T02:30:08.6710000-07:00","D0940216B21C68A9C8E516E53ED65C2299DFF4B14173FA9F3D335BB350189E15"
"sanitized","选课点击后\选课点击后_files\02.png","37406","2026-08-26T02:30:08.6760000-07:00","A9E06A378AAF6EE3C5C0F16CAF96FA3D3ABA3226D8B2F3EA89914B4071A34E1A"
"sanitized","选课点击后\选课点击后_files\bh_utils.js","49820","2026-08-26T02:30:08.7260000-07:00","3E32AEEE2DB06F1A1F675CE7E405A3F938E6E8338258C00C0F7089C4E0F1D9AC"
"sanitized","选课点击后\选课点击后_files\bhTip.css","8562","2026-08-26T02:30:08.5430000-07:00","E7E20C7388FE655E1A58BA080591CCEC11E9E2718BB1F739B79787AB80ECFA17"
"sanitized","选课点击后\选课点击后_files\bhTip.js","10317","2026-08-26T02:30:08.7670000-07:00","2FC3352ABB5F6959FC20B1AC36C5EBB6EFD91B424C09382D428DA663D9478371"
"sanitized","选课点击后\选课点击后_files\bhwindow.css","1410","2026-08-26T02:30:08.5720000-07:00","EA677F229F53449EB647F3355240286A54D4DF15C1F03DD0C1F0F5A6674B4FAF"
"sanitized","选课点击后\选课点击后_files\change-electiveBatch.png","443","2026-08-26T02:30:08.6350000-07:00","BB2674300F210E3C4C495DBF5146E4984C6FE659BAF59EA46B9C78CC27A27EED"
"sanitized","选课点击后\选课点击后_files\choice-icon.png","37809","2026-08-26T02:30:08.6590000-07:00","F9FC67081E7C2CD33DB834377A05AD70CC19F35DD3BEB0C68DA889FA93AACD6F"
"sanitized","选课点击后\选课点击后_files\course-icon.png","39397","2026-08-26T02:30:08.6230000-07:00","6FA7AC9D517DCEB0554CB689798A1FE175C653C1E8D528C46A2CE39B01A2FADD"
"sanitized","选课点击后\选课点击后_files\departurelog.js","5980","2026-08-26T02:30:08.8680000-07:00","6AEC878B15E451356C17561AB470C2F7A9BE5F2235F3B20BA3F77F9FAC7FFE1C"
"sanitized","选课点击后\选课点击后_files\departurelogBS.js","330","2026-08-26T02:30:08.8750000-07:00","DB722D74636A659228DE26353BE2CE015005EAC3B158FD2E6ED5C460DF48F2F4"
"sanitized","选课点击后\选课点击后_files\dialog-icon.png","1255","2026-08-26T02:30:08.6650000-07:00","26E0A05D302D15BEE6D27F49646DD22B70D4DBC89BCA12822B1E1E3EE231D508"
"sanitized","选课点击后\选课点击后_files\dialog-icon(1).png","1255","2026-08-26T02:30:08.9160000-07:00","26E0A05D302D15BEE6D27F49646DD22B70D4DBC89BCA12822B1E1E3EE231D508"
"sanitized","选课点击后\选课点击后_files\electiveBatchAndXz.css","1483","2026-08-26T02:30:08.5850000-07:00","C4C4F8B7E77D8F78614577CC3975DCA6DFA0B891C7C9C68AA11F196DA4580665"
"sanitized","选课点击后\选课点击后_files\grablessons.css","54579","2026-08-26T02:30:08.5650000-07:00","C4C4915DB780CAE1D2D72A12B7477BE5153CA48EDA8159B564E3544E4CDE6605"
"sanitized","选课点击后\选课点击后_files\grablessons.js","235170","2026-08-26T02:30:08.8200000-07:00","1B87DC7DE9033765A226317AB41F03A0694B4DA6BECD9B6D7D9DB056B3273677"
"sanitized","选课点击后\选课点击后_files\grablessonsBS.js","488","2026-08-26T02:30:08.8550000-07:00","356265AD67BE5164841A2161615B961D8E5314C9BF2402F6897EDF7F9BA2972D"
"sanitized","选课点击后\选课点击后_files\indexBS.js","3797","2026-08-26T02:30:08.8070000-07:00","7FBE2ED9D2FBD25CABE87FA4EE0D3AF1BBA7F7B6A594BDF881CBFA5A54CF431D"
"sanitized","选课点击后\选课点击后_files\jquery-2.1.1.min.js","84245","2026-08-26T02:30:08.6830000-07:00","874706B2B1311A0719B5267F7D1CF803057E367E94AE1FF7BF78C5450D30F5D4"
"sanitized","选课点击后\选课点击后_files\jquery.nicescroll.min.js","60534","2026-08-26T02:30:08.7030000-07:00","91937C5DB3A3B9DE6FF75E5C5D27C814D294D582AD5C2CA10106F04B0D9C1FE1"
"sanitized","选课点击后\选课点击后_files\jqxcore.js","137597","2026-08-26T02:30:08.7090000-07:00","BA9DA9FBEA04617E08D9F377E51627086AC180E223C9B09ACAAF7ED7F9D26355"
"sanitized","选课点击后\选课点击后_files\jqxTabs.css","8199","2026-08-26T02:30:08.5790000-07:00","075A8C4575D1CD6C412CD3E6232847C2D7586BB78CAE5B2980011AA53719F328"
"sanitized","选课点击后\选课点击后_files\jqxtabs.js","53839","2026-08-26T02:30:08.7160000-07:00","BDDBB29153C363FBD938EB6AA225FD897F07A5F11F2605151A4FBA96BC2A46CA"
"sanitized","选课点击后\选课点击后_files\jqxwindow.js","61851","2026-08-26T02:30:08.7210000-07:00","9858483997F017D93629B18C2C1C41BF0194150784FAC56719BB2DA7B27B5124"
"sanitized","选课点击后\选课点击后_files\loginInUserRegister.js","2130","2026-08-26T02:30:08.7900000-07:00","D7051F998113A84E11A0615941A6F9DD214B4222CB57C7D1E15E48FAC3544722"
"sanitized","选课点击后\选课点击后_files\logo-mini.png","8636","2026-08-26T02:30:08.6100000-07:00","481867755C6DDB47B1C77208AD938E89CBB66A68DE3C9E4A5FB4239C1E31B07F"
"sanitized","选课点击后\选课点击后_files\messageQueueTable.css","814","2026-08-26T02:30:08.6030000-07:00","926051CDC5C9E651AC2D73DF11DE6FB3AA6611DD8AA9E969E0D8E9B0FD328E53"
"sanitized","选课点击后\选课点击后_files\saved_resource.html","1418","2026-08-26T03:03:43.5923654-07:00","2E36D3D73313E963AF02AD4CB3F2AE0D1172BC44EA74CBA92E8F157CB3F83C2E"
"sanitized","选课点击后\选课点击后_files\saved_resource(1).html","149","2026-08-26T03:03:43.5923654-07:00","97F9B10039B05E1AF4A3C9B778FC72BA44CF68A376E4EC1D55F2558F16CF3E50"
"sanitized","选课点击后\选课点击后_files\score.png","418","2026-08-26T02:30:08.6540000-07:00","034E7E2DAD3DCB5CE830C046245658A24EB7947D7873700F0D2DCD58537ED844"
"sanitized","选课点击后\选课点击后_files\selectedcourse.js","34324","2026-08-26T02:30:08.8830000-07:00","48F2A5004A8DA94BCCA6CF04D1BFB886E8F9AA28ED3A60136D73F3D62055D322"
"sanitized","选课点击后\选课点击后_files\selectedcourseBS.js","1699","2026-08-26T02:30:08.9030000-07:00","6698722DD3D070E39A055943589F921966CF016561DC6557AFBF786180C146DB"
"sanitized","选课点击后\选课点击后_files\sidebar.js","28906","2026-08-26T02:30:08.8310000-07:00","E630B3892AA23EF5879EB7629EFAB447D70C596E8A351EC38294EB7E3313ED3C"
"sanitized","选课点击后\选课点击后_files\Sortable-1.3.0.js","29446","2026-08-26T02:30:08.7330000-07:00","9452C6C5A85D78C674AAA39C413C528EDE0539CCD97C7B0B207BBBBBF3E79162"
"sanitized","选课点击后\选课点击后_files\unsuccessful-icon.png","3785","2026-08-26T02:30:08.6290000-07:00","7AFAA41C5672A0E6552E3E68744C6761765EE3D6EE62FD997BBE79C8E841665A"
"sanitized","选课点击后\选课点击后_files\user-icon.png","50830","2026-08-26T02:30:08.6160000-07:00","EA88FAC5ACC5FC906C247722D60482F8683A4D25702E74CE6259FA27B52D7E13"
"sanitized","选课点击后\选课点击后_files\xfimage.js","2939","2026-08-26T02:30:08.7550000-07:00","6F931AD33DD1D41679B28632119053C7D4D8A424E9F90A0171A32E782FC36C58"
"sanitized","选课点击后\选课点击后_files\xsxkpub.js","12917","2026-08-26T02:30:08.9090000-07:00","AFDF6B0A673E7B9993B5E008094D407B65344243634605E3361DB56B0EE08FB3"
"sanitized","选课点击后\选课点击后.html","105239","2026-08-26T03:03:43.5908609-07:00","8BEA769FEE390659F2BE003D08264ECA5D746245D33FD908FD47AE5856BA0C2F"
"sanitized","选课失败弹窗\选课失败弹窗_files\01.png","49664","2026-08-26T02:30:26.3040000-07:00","D0940216B21C68A9C8E516E53ED65C2299DFF4B14173FA9F3D335BB350189E15"
"sanitized","选课失败弹窗\选课失败弹窗_files\02.png","37406","2026-08-26T02:30:26.3090000-07:00","A9E06A378AAF6EE3C5C0F16CAF96FA3D3ABA3226D8B2F3EA89914B4071A34E1A"
"sanitized","选课失败弹窗\选课失败弹窗_files\bh_utils.js","49820","2026-08-26T02:30:26.3590000-07:00","3E32AEEE2DB06F1A1F675CE7E405A3F938E6E8338258C00C0F7089C4E0F1D9AC"
"sanitized","选课失败弹窗\选课失败弹窗_files\bhTip.css","8562","2026-08-26T02:30:26.1660000-07:00","E7E20C7388FE655E1A58BA080591CCEC11E9E2718BB1F739B79787AB80ECFA17"
"sanitized","选课失败弹窗\选课失败弹窗_files\bhTip.js","10317","2026-08-26T02:30:26.3770000-07:00","2FC3352ABB5F6959FC20B1AC36C5EBB6EFD91B424C09382D428DA663D9478371"
"sanitized","选课失败弹窗\选课失败弹窗_files\bhwindow.css","1410","2026-08-26T02:30:26.2020000-07:00","EA677F229F53449EB647F3355240286A54D4DF15C1F03DD0C1F0F5A6674B4FAF"
"sanitized","选课失败弹窗\选课失败弹窗_files\change-electiveBatch.png","443","2026-08-26T02:30:26.2650000-07:00","BB2674300F210E3C4C495DBF5146E4984C6FE659BAF59EA46B9C78CC27A27EED"
"sanitized","选课失败弹窗\选课失败弹窗_files\choice-icon.png","37809","2026-08-26T02:30:26.2760000-07:00","F9FC67081E7C2CD33DB834377A05AD70CC19F35DD3BEB0C68DA889FA93AACD6F"
"sanitized","选课失败弹窗\选课失败弹窗_files\course-icon.png","39397","2026-08-26T02:30:26.2540000-07:00","6FA7AC9D517DCEB0554CB689798A1FE175C653C1E8D528C46A2CE39B01A2FADD"
"sanitized","选课失败弹窗\选课失败弹窗_files\departurelog.js","5980","2026-08-26T02:30:26.4250000-07:00","6AEC878B15E451356C17561AB470C2F7A9BE5F2235F3B20BA3F77F9FAC7FFE1C"
"sanitized","选课失败弹窗\选课失败弹窗_files\departurelogBS.js","330","2026-08-26T02:30:26.4300000-07:00","DB722D74636A659228DE26353BE2CE015005EAC3B158FD2E6ED5C460DF48F2F4"
"sanitized","选课失败弹窗\选课失败弹窗_files\dialog-icon.png","1255","2026-08-26T02:30:26.2810000-07:00","26E0A05D302D15BEE6D27F49646DD22B70D4DBC89BCA12822B1E1E3EE231D508"
"sanitized","选课失败弹窗\选课失败弹窗_files\dialog-icon(1).png","1255","2026-08-26T02:30:26.4670000-07:00","26E0A05D302D15BEE6D27F49646DD22B70D4DBC89BCA12822B1E1E3EE231D508"
"sanitized","选课失败弹窗\选课失败弹窗_files\electiveBatchAndXz.css","1483","2026-08-26T02:30:26.2140000-07:00","C4C4F8B7E77D8F78614577CC3975DCA6DFA0B891C7C9C68AA11F196DA4580665"
"sanitized","选课失败弹窗\选课失败弹窗_files\grablessons.css","54579","2026-08-26T02:30:26.1770000-07:00","C4C4915DB780CAE1D2D72A12B7477BE5153CA48EDA8159B564E3544E4CDE6605"
"sanitized","选课失败弹窗\选课失败弹窗_files\grablessons.js","235170","2026-08-26T02:30:26.4100000-07:00","1B87DC7DE9033765A226317AB41F03A0694B4DA6BECD9B6D7D9DB056B3273677"
"sanitized","选课失败弹窗\选课失败弹窗_files\grablessonsBS.js","488","2026-08-26T02:30:26.4200000-07:00","356265AD67BE5164841A2161615B961D8E5314C9BF2402F6897EDF7F9BA2972D"
"sanitized","选课失败弹窗\选课失败弹窗_files\indexBS.js","3797","2026-08-26T02:30:26.4040000-07:00","7FBE2ED9D2FBD25CABE87FA4EE0D3AF1BBA7F7B6A594BDF881CBFA5A54CF431D"
"sanitized","选课失败弹窗\选课失败弹窗_files\jquery-2.1.1.min.js","84245","2026-08-26T02:30:26.3150000-07:00","874706B2B1311A0719B5267F7D1CF803057E367E94AE1FF7BF78C5450D30F5D4"
"sanitized","选课失败弹窗\选课失败弹窗_files\jquery.nicescroll.min.js","60534","2026-08-26T02:30:26.3210000-07:00","91937C5DB3A3B9DE6FF75E5C5D27C814D294D582AD5C2CA10106F04B0D9C1FE1"
"sanitized","选课失败弹窗\选课失败弹窗_files\jqxcore.js","137597","2026-08-26T02:30:26.3260000-07:00","BA9DA9FBEA04617E08D9F377E51627086AC180E223C9B09ACAAF7ED7F9D26355"
"sanitized","选课失败弹窗\选课失败弹窗_files\jqxTabs.css","8199","2026-08-26T02:30:26.2080000-07:00","075A8C4575D1CD6C412CD3E6232847C2D7586BB78CAE5B2980011AA53719F328"
"sanitized","选课失败弹窗\选课失败弹窗_files\jqxtabs.js","53839","2026-08-26T02:30:26.3310000-07:00","BDDBB29153C363FBD938EB6AA225FD897F07A5F11F2605151A4FBA96BC2A46CA"
"sanitized","选课失败弹窗\选课失败弹窗_files\jqxwindow.js","61851","2026-08-26T02:30:26.3540000-07:00","9858483997F017D93629B18C2C1C41BF0194150784FAC56719BB2DA7B27B5124"
"sanitized","选课失败弹窗\选课失败弹窗_files\loginInUserRegister.js","2130","2026-08-26T02:30:26.3820000-07:00","D7051F998113A84E11A0615941A6F9DD214B4222CB57C7D1E15E48FAC3544722"
"sanitized","选课失败弹窗\选课失败弹窗_files\logo-mini.png","8636","2026-08-26T02:30:26.2260000-07:00","481867755C6DDB47B1C77208AD938E89CBB66A68DE3C9E4A5FB4239C1E31B07F"
"sanitized","选课失败弹窗\选课失败弹窗_files\messageQueueTable.css","814","2026-08-26T02:30:26.2200000-07:00","926051CDC5C9E651AC2D73DF11DE6FB3AA6611DD8AA9E969E0D8E9B0FD328E53"
"sanitized","选课失败弹窗\选课失败弹窗_files\saved_resource.html","1418","2026-08-26T03:03:43.5837519-07:00","2E36D3D73313E963AF02AD4CB3F2AE0D1172BC44EA74CBA92E8F157CB3F83C2E"
"sanitized","选课失败弹窗\选课失败弹窗_files\saved_resource(1).html","149","2026-08-26T03:03:43.5837519-07:00","97F9B10039B05E1AF4A3C9B778FC72BA44CF68A376E4EC1D55F2558F16CF3E50"
"sanitized","选课失败弹窗\选课失败弹窗_files\score.png","418","2026-08-26T02:30:26.2710000-07:00","034E7E2DAD3DCB5CE830C046245658A24EB7947D7873700F0D2DCD58537ED844"
"sanitized","选课失败弹窗\选课失败弹窗_files\selectedcourse.js","34324","2026-08-26T02:30:26.4350000-07:00","48F2A5004A8DA94BCCA6CF04D1BFB886E8F9AA28ED3A60136D73F3D62055D322"
"sanitized","选课失败弹窗\选课失败弹窗_files\selectedcourseBS.js","1699","2026-08-26T02:30:26.4540000-07:00","6698722DD3D070E39A055943589F921966CF016561DC6557AFBF786180C146DB"
"sanitized","选课失败弹窗\选课失败弹窗_files\sidebar.js","28906","2026-08-26T02:30:26.4150000-07:00","E630B3892AA23EF5879EB7629EFAB447D70C596E8A351EC38294EB7E3313ED3C"
"sanitized","选课失败弹窗\选课失败弹窗_files\Sortable-1.3.0.js","29446","2026-08-26T02:30:26.3640000-07:00","9452C6C5A85D78C674AAA39C413C528EDE0539CCD97C7B0B207BBBBBF3E79162"
"sanitized","选课失败弹窗\选课失败弹窗_files\unsuccessful-icon.png","3785","2026-08-26T02:30:26.2600000-07:00","7AFAA41C5672A0E6552E3E68744C6761765EE3D6EE62FD997BBE79C8E841665A"
"sanitized","选课失败弹窗\选课失败弹窗_files\user-icon.png","50830","2026-08-26T02:30:26.2320000-07:00","EA88FAC5ACC5FC906C247722D60482F8683A4D25702E74CE6259FA27B52D7E13"
"sanitized","选课失败弹窗\选课失败弹窗_files\xfimage.js","2939","2026-08-26T02:30:26.3690000-07:00","6F931AD33DD1D41679B28632119053C7D4D8A424E9F90A0171A32E782FC36C58"
"sanitized","选课失败弹窗\选课失败弹窗_files\xsxkpub.js","12917","2026-08-26T02:30:26.4600000-07:00","AFDF6B0A673E7B9993B5E008094D407B65344243634605E3361DB56B0EE08FB3"
"sanitized","选课失败弹窗\选课失败弹窗.html","105265","2026-08-26T03:03:43.5837519-07:00","2C8CEDB206CF06055A689F162C0569957CABE31B67EC411D8F9ADD716C934284"
"sanitized","README.md","308","2026-08-26T03:17:39.9803723-07:00","092D8ED2247993C4460AC39C781691715DC98BD63EC17E18B03096E1DAC1EA4C"
