"collected_at","owner_repo","url","category","status","commit","message","elapsed_seconds"
"2026-08-26T03:04:04-07:00","guh0613/ehall-backend","https://github.com/guh0613/ehall-backend.git","nnu_direct","cloned","25ccfe9c573072b93e951a8f3ee48dc4c4af4ac6","","4.2"
"2026-08-26T03:04:09-07:00","XingHeYuZhuan/shiguang_warehouse","https://github.com/XingHeYuZhuan/shiguang_warehouse.git","nnu_direct","cloned","f22896e188a8748953a91515599b6ac8eba31351","","5.3"
"2026-08-26T03:04:13-07:00","ruysdv/auto-query-score-system","https://github.com/ruysdv/auto-query-score-system.git","nnu_direct","cloned","60fe1477b524ebab98ffa3132aeb12fc19e59189","","4"
"2026-08-26T03:04:17-07:00","imcuttle/njnu-quick-get-score","https://github.com/imcuttle/njnu-quick-get-score.git","nnu_direct","cloned","5a2e1e0d1e3901e79bbd0540b26d2ed9f4fd3301","","3.9"
"2026-08-26T03:04:22-07:00","HansZ8/BIT-XK-WISEDU","https://github.com/HansZ8/BIT-XK-WISEDU.git","same_stack","cloned","59ec9f143a60df6322ff792902e281da6b5b43a4","","4.6"
"2026-08-26T03:04:26-07:00","tonglinggejimo/Course-Monitor-Grabber","https://github.com/tonglinggejimo/Course-Monitor-Grabber.git","same_stack","cloned","e866930dbf56a615b834771cb780e30f4db3a5b5","","3.9"
"2026-08-26T03:04:31-07:00","davidwushi1145/YNU-xk_spider_Refactoring","https://github.com/davidwushi1145/YNU-xk_spider_Refactoring.git","same_stack","cloned","44eef278b6b63f12a3de072252c2a34aaaf4e22c","","5.1"
"2026-08-26T03:04:39-07:00","YHalo-wyh/YNU-xk_spider-Pro","https://github.com/YHalo-wyh/YNU-xk_spider-Pro.git","same_stack","cloned","90755c4aa18cc7564076511555c619c42b74eed7","","8.6"
"2026-08-26T03:04:44-07:00","starwingcc/YNU-xk_spider","https://github.com/starwingcc/YNU-xk_spider.git","same_stack","cloned","ce1161dc470a084492972bef72d6006804d5d390","","4.6"
"2026-08-26T03:04:51-07:00","GreenTeodoro839/NJU-xk-helper","https://github.com/GreenTeodoro839/NJU-xk-helper.git","same_stack","cloned","0c7339d5e806677027deebe338f18157ca4d2225","","6.8"
"2026-08-26T03:04:58-07:00","GreenTeodoro839/NJUxklogin","https://github.com/GreenTeodoro839/NJUxklogin.git","same_stack","cloned","3651f2db0792d7f5515e7e933a881619bdb7978a","","6.8"
"2026-08-26T03:05:02-07:00","TheFunny233/NJUClassGrabber","https://github.com/TheFunny233/NJUClassGrabber.git","same_stack","cloned","059b9cb1d20d1431c1db064cc67881f03b3827f3","","4.6"
"2026-08-26T03:05:07-07:00","Mr-enthalpy/NJU-auto-class-rush","https://github.com/Mr-enthalpy/NJU-auto-class-rush.git","same_stack","cloned","02eba3b1089aa090e7039deaf77a9de1f6eb8ced","","4.6"
"2026-08-26T03:05:10-07:00","mbmcmzh/JNU_CourseSnatcher","https://github.com/mbmcmzh/JNU_CourseSnatcher.git","same_stack","cloned","fcc4ec495eed782ff75cb225bb77d3101b821f8f","","2.9"
"2026-08-26T03:05:12-07:00","sa-y0nara/jnu-course-helper","https://github.com/sa-y0nara/jnu-course-helper.git","same_stack","cloned","85efec4f8110f063e35d0d60ce21dd0d2f9ac917","","2.7"
"2026-08-26T03:05:16-07:00","Weeye-hua/SZU-Course-Help","https://github.com/Weeye-hua/SZU-Course-Help.git","same_stack","cloned","54ebcd18202ffaf884eb7fedf9867a32cf23b274","","4"
"2026-08-26T03:05:20-07:00","Lewin671/YourLesson","https://github.com/Lewin671/YourLesson.git","same_stack","cloned","db68fbf02f4cf7a382c2a93786b8f8350bf978fd","","3.8"
"2026-08-26T03:05:23-07:00","ANDYWANGTIANTIAN/SZU_AutoCourseSelecter","https://github.com/ANDYWANGTIANTIAN/SZU_AutoCourseSelecter.git","same_stack","cloned","4b70dc46d61d2cfc01ae9612ae5e00f8b607749e","","3.1"
"2026-08-26T03:05:26-07:00","neiro-o/seuGrabber","https://github.com/neiro-o/seuGrabber.git","same_stack","cloned","73d1e3f08776419bd86b0ea45e30feef6baf5920","","2.7"
"2026-08-26T03:05:34-07:00","AriaPokotengYe/SEU-NewSystem-catcher","https://github.com/AriaPokotengYe/SEU-NewSystem-catcher.git","same_stack","cloned","97405b2e274028cbf2985c94ab4fb2ebabd8b12c","","7.7"
"2026-08-26T03:05:37-07:00","WenHe233/CUC-Courses","https://github.com/WenHe233/CUC-Courses.git","same_stack","cloned","4d67f47dd8288416461747b89fd38062dd60393e","","3.6"
"2026-08-26T03:05:41-07:00","guiyi886/szu_grab_course","https://github.com/guiyi886/szu_grab_course.git","same_stack","cloned","f14a22a8fcddeffd2284094eb266b6611866b8f6","","3.3"
"2026-08-26T03:05:44-07:00","chimaoshu/SZU_rush_for_lessons","https://github.com/chimaoshu/SZU_rush_for_lessons.git","same_stack","cloned","fd7ca7ce92e0fc29b5edc95394cd017d5e366db9","","3.3"
"2026-08-26T03:05:53-07:00","xzzvsxd/szu_grab_course_for_yjs","https://github.com/xzzvsxd/szu_grab_course_for_yjs.git","same_stack","cloned","d9e932197ee540a6eaa49f2219cadda84e566141","","8.9"
"2026-08-26T03:05:56-07:00","MattDong123/tools4szu","https://github.com/MattDong123/tools4szu.git","same_stack","cloned","497a5d27630d48aa735806b178362a40af3226c7","","3.1"
"2026-08-26T03:05:59-07:00","BryanHeBY/NJU_NEW_EAS_GRABER","https://github.com/BryanHeBY/NJU_NEW_EAS_GRABER.git","adjacent","cloned","a106bf6475595476401f4ffa1a714cc72d8a121b","","3.3"
"2026-08-26T03:06:02-07:00","yyngfive/new-course-system","https://github.com/yyngfive/new-course-system.git","adjacent","cloned","4ca3d9a5ab58d02d84fd58bc89616c2fbfc006a9","","3.1"
"2026-08-26T03:06:06-07:00","WheretoSleepinNJU/NJU-Class-Shedule-Flutter","https://github.com/WheretoSleepinNJU/NJU-Class-Shedule-Flutter.git","adjacent","cloned","bb4d3d16a2368a09e414f88919a53c799b035d50","","3.7"
"2026-08-26T03:06:16-07:00","Mellow-Winds/NJU-Hub","https://github.com/Mellow-Winds/NJU-Hub.git","adjacent","cloned","b3ffc3abbb36d993946183d04019bd827bcaa93c","","9.4"
"2026-08-26T03:06:36-07:00","treehey/AutoCaptcha","https://github.com/treehey/AutoCaptcha.git","adjacent","cloned","c20df009bb9717ef911241ed990c3694a25ab75b","","20.9"
"2026-08-26T03:06:39-07:00","cells114514/JNU-","https://github.com/cells114514/JNU-.git","adjacent","cloned","e1ebcc7502c37d57adb5130c1de02999c02fc49c","","2.8"
"2026-08-26T03:06:43-07:00","RyanShaw3/MyScripts","https://github.com/RyanShaw3/MyScripts.git","adjacent","cloned","8abe47df1adc70dc13389b0cc2ec301d4d3018c6","","4"
"2026-08-26T03:06:46-07:00","YDX-2147483647/BIT-enhanced","https://github.com/YDX-2147483647/BIT-enhanced.git","adjacent","cloned","900d2e6c5cc1cdb2209ca5b1cb8c9bc0ff8a2d90","","3"
"2026-08-26T03:06:52-07:00","Hz162/XJTU-Course-Genius","https://github.com/Hz162/XJTU-Course-Genius.git","adjacent","cloned","faf4235a7f00cb57617297dd0aba1acfc09cc8ad","","5.6"
"2026-08-26T03:06:56-07:00","xjtu-wang/XJTU-Toolbox","https://github.com/xjtu-wang/XJTU-Toolbox.git","adjacent","cloned","2eac98c4dda3ee75b528245db6a559b716e8b43c","","4.4"
"2026-08-26T03:07:03-07:00","Othixx/xjtucourse","https://github.com/Othixx/xjtucourse.git","adjacent","cloned","b164aad4c4161b9fc12af01c853cf68c502ef482","","6.4"
"2026-08-26T03:07:06-07:00","zly2006/xjtu-course","https://github.com/zly2006/xjtu-course.git","adjacent","cloned","32cec94b1a09e85afe62f0e0fbc6d2e872b972e0","","2.8"
"2026-08-26T03:07:09-07:00","zly2006/xjtu-login","https://github.com/zly2006/xjtu-login.git","adjacent","cloned","c749ac9260e8615cb3e7f5ac19086628a8655d99","","3.7"
"2026-08-26T03:07:15-07:00","another-le/xjtu-tools","https://github.com/another-le/xjtu-tools.git","adjacent","cloned","a859bc117ade2e1935b5c213408506b678684832","","5.3"
"2026-08-26T03:07:18-07:00","Bocchi-Hero/xjtu-seat-monitor","https://github.com/Bocchi-Hero/xjtu-seat-monitor.git","adjacent","cloned","506643c2469446cf1bde174c114531fbe2c805a6","","3.2"
"2026-08-26T03:07:21-07:00","KW10-2/Gadgets","https://github.com/KW10-2/Gadgets.git","adjacent","cloned","ca5b9b38fee4c13f1007e3803c1f33bf09830302","","3.4"
"2026-08-26T03:07:25-07:00","jimieguang/qiangke","https://github.com/jimieguang/qiangke.git","adjacent","cloned","fefada31a68a8463a3d669d9a97c4e99799e00f3","","3.6"
"2026-08-26T03:07:40-07:00","Dytchem/Machine-Learning-with-Python","https://github.com/Dytchem/Machine-Learning-with-Python.git","adjacent","cloned","ef1d4eef8016b4e58b58bb10f16716b7dc32e714","","15.1"
"2026-08-26T03:07:44-07:00","lvttt/xdu-course-helper","https://github.com/lvttt/xdu-course-helper.git","adjacent","cloned","c3fa33b35aef82e8f6475f9e5b629182858d2b41","","4"
"2026-08-26T03:07:47-07:00","fe1w0/DailyClock_XDU_version","https://github.com/fe1w0/DailyClock_XDU_version.git","adjacent","cloned","378176dc5d5ed64c773b3210a7253f1680e048ab","","2.8"
"2026-08-26T03:07:52-07:00","HeraldStudio/herald-webservice","https://github.com/HeraldStudio/herald-webservice.git","adjacent","cloned","29180c4ce90a444cf74ae00d3cd561dd17292ed3","","5.1"
"2026-08-26T03:07:55-07:00","KrowFeather/Prism","https://github.com/KrowFeather/Prism.git","adjacent","cloned","c3f3dc3f390b230846117631bfbaebbf4a8b1b9e","","2.9"
