"owner_repo","category","signature","relative_file","line_number"
"ANDYWANGTIANTIAN/SZU_AutoCourseSelecter","01_same_stack","courseResult_do","v1\course_do.py","12"
"ANDYWANGTIANTIAN/SZU_AutoCourseSelecter","01_same_stack","xsxkapp","v1\course_do.py","12"
"ANDYWANGTIANTIAN/SZU_AutoCourseSelecter","01_same_stack","volunteer_do","v1\course_do.py","40"
"ANDYWANGTIANTIAN/SZU_AutoCourseSelecter","01_same_stack","xsxkapp","v1\course_do.py","40"
"ANDYWANGTIANTIAN/SZU_AutoCourseSelecter","01_same_stack","volunteer_do","v1\course_do.py","56"
"ANDYWANGTIANTIAN/SZU_AutoCourseSelecter","01_same_stack","xsxkapp","v1\course_do.py","56"
"ANDYWANGTIANTIAN/SZU_AutoCourseSelecter","01_same_stack","programCourse_do","v1\getCourse.py","16"
"ANDYWANGTIANTIAN/SZU_AutoCourseSelecter","01_same_stack","xsxkapp","v1\getCourse.py","16"
"ANDYWANGTIANTIAN/SZU_AutoCourseSelecter","01_same_stack","recommendedCourse_do","v1\getCourse.py","23"
"ANDYWANGTIANTIAN/SZU_AutoCourseSelecter","01_same_stack","xsxkapp","v1\getCourse.py","23"
"ANDYWANGTIANTIAN/SZU_AutoCourseSelecter","01_same_stack","programCourse_do","v1\getCourse.py","40"
"ANDYWANGTIANTIAN/SZU_AutoCourseSelecter","01_same_stack","xsxkapp","v1\getCourse.py","40"
"ANDYWANGTIANTIAN/SZU_AutoCourseSelecter","01_same_stack","programCourse_do","v1\getCourse.py","52"
"ANDYWANGTIANTIAN/SZU_AutoCourseSelecter","01_same_stack","xsxkapp","v1\getCourse.py","52"
"ANDYWANGTIANTIAN/SZU_AutoCourseSelecter","01_same_stack","programCourse_do","v1\getCourse.py","64"
"ANDYWANGTIANTIAN/SZU_AutoCourseSelecter","01_same_stack","xsxkapp","v1\getCourse.py","64"
"ANDYWANGTIANTIAN/SZU_AutoCourseSelecter","01_same_stack","programCourse_do","v1\getCourse.py","76"
"ANDYWANGTIANTIAN/SZU_AutoCourseSelecter","01_same_stack","xsxkapp","v1\getCourse.py","76"
"ANDYWANGTIANTIAN/SZU_AutoCourseSelecter","01_same_stack","programCourse_do","v1\getCourse.py","88"
"ANDYWANGTIANTIAN/SZU_AutoCourseSelecter","01_same_stack","xsxkapp","v1\getCourse.py","88"
"ANDYWANGTIANTIAN/SZU_AutoCourseSelecter","01_same_stack","vcode_do","v1\login.py","12"
"ANDYWANGTIANTIAN/SZU_AutoCourseSelecter","01_same_stack","xsxkapp","v1\login.py","12"
"ANDYWANGTIANTIAN/SZU_AutoCourseSelecter","01_same_stack","xsxkapp","v1\login.py","19"
"ANDYWANGTIANTIAN/SZU_AutoCourseSelecter","01_same_stack","xsxkapp","v1\login.py","54"
"ANDYWANGTIANTIAN/SZU_AutoCourseSelecter","01_same_stack","xsxkapp","v1\login.py","69"
"ANDYWANGTIANTIAN/SZU_AutoCourseSelecter","01_same_stack","xsxkapp","v1\login.py","89"
"another-le/xjtu-tools","02_adjacent","xsxkapp","manifest.json","52"
"another-le/xjtu-tools","02_adjacent","xsxkapp","manifest.json","79"
"another-le/xjtu-tools","02_adjacent","xsxkapp","scripts\background.js","76"
"another-le/xjtu-tools","02_adjacent","xsxkapp","scripts\background.js","84"
"another-le/xjtu-tools","02_adjacent","recommendedCourse_do","scripts\watchCourse.js","18"
"another-le/xjtu-tools","02_adjacent","xsxkapp","scripts\watchCourse.js","18"
"another-le/xjtu-tools","02_adjacent","programCourse_do","scripts\watchCourse.js","19"
"another-le/xjtu-tools","02_adjacent","xsxkapp","scripts\watchCourse.js","19"
"another-le/xjtu-tools","02_adjacent","programCourse_do","scripts\watchCourse.js","20"
"another-le/xjtu-tools","02_adjacent","xsxkapp","scripts\watchCourse.js","20"
"another-le/xjtu-tools","02_adjacent","publicCourse_do","scripts\watchCourse.js","21"
"another-le/xjtu-tools","02_adjacent","xsxkapp","scripts\watchCourse.js","21"
"another-le/xjtu-tools","02_adjacent","xsxkapp","scripts\watchCourse.js","22"
"another-le/xjtu-tools","02_adjacent","recommendedCourse_do","scripts\watchCourse.js","24"
"another-le/xjtu-tools","02_adjacent","xsxkapp","scripts\watchCourse.js","24"
"AriaPokotengYe/SEU-NewSystem-catcher","01_same_stack","xsxkapp","crawl.py","277"
"AriaPokotengYe/SEU-NewSystem-catcher","01_same_stack","xsxkapp","crawl.py","293"
"AriaPokotengYe/SEU-NewSystem-catcher","01_same_stack","xsxkapp","crawl.py","302"
"AriaPokotengYe/SEU-NewSystem-catcher","01_same_stack","recommendedCourse_do","crawl.py","304"
"AriaPokotengYe/SEU-NewSystem-catcher","01_same_stack","xsxkapp","crawl.py","304"
"AriaPokotengYe/SEU-NewSystem-catcher","01_same_stack","xsxkapp","crawl.py","338"
"AriaPokotengYe/SEU-NewSystem-catcher","01_same_stack","publicCourse_do","crawl.py","341"
"AriaPokotengYe/SEU-NewSystem-catcher","01_same_stack","xsxkapp","crawl.py","341"
"AriaPokotengYe/SEU-NewSystem-catcher","01_same_stack","xsxkapp","crawl.py","374"
"AriaPokotengYe/SEU-NewSystem-catcher","01_same_stack","publicCourse_do","crawl.py","377"
"AriaPokotengYe/SEU-NewSystem-catcher","01_same_stack","xsxkapp","crawl.py","377"
"AriaPokotengYe/SEU-NewSystem-catcher","01_same_stack","xsxkapp","crawl.py","410"
"AriaPokotengYe/SEU-NewSystem-catcher","01_same_stack","publicCourse_do","crawl.py","413"
"AriaPokotengYe/SEU-NewSystem-catcher","01_same_stack","xsxkapp","crawl.py","413"
"AriaPokotengYe/SEU-NewSystem-catcher","01_same_stack","xsxkapp","crawl.py","447"
"AriaPokotengYe/SEU-NewSystem-catcher","01_same_stack","programCourse_do","crawl.py","450"
"AriaPokotengYe/SEU-NewSystem-catcher","01_same_stack","xsxkapp","crawl.py","450"
"AriaPokotengYe/SEU-NewSystem-catcher","01_same_stack","vcode_do","crawl.py","482"
"AriaPokotengYe/SEU-NewSystem-catcher","01_same_stack","xsxkapp","crawl.py","482"
"AriaPokotengYe/SEU-NewSystem-catcher","01_same_stack","xsxkapp","crawl.py","495"
"AriaPokotengYe/SEU-NewSystem-catcher","01_same_stack","xsxkapp","crawl.py","1010"
"AriaPokotengYe/SEU-NewSystem-catcher","01_same_stack","volunteer_do","crawl.py","1013"
"AriaPokotengYe/SEU-NewSystem-catcher","01_same_stack","xsxkapp","crawl.py","1013"
"Bocchi-Hero/xjtu-seat-monitor","02_adjacent","xsxkapp","auth_session.py","180"
"Bocchi-Hero/xjtu-seat-monitor","02_adjacent","xsxkapp","auth_session.py","208"
"Bocchi-Hero/xjtu-seat-monitor","02_adjacent","xsxkapp","auth_session.py","246"
"Bocchi-Hero/xjtu-seat-monitor","02_adjacent","xsxkapp","auth_session.py","367"
"Bocchi-Hero/xjtu-seat-monitor","02_adjacent","volunteer_do","docs\ARCHITECTURE.md","33"
"Bocchi-Hero/xjtu-seat-monitor","02_adjacent","recommendedCourse_do","scripts\list_courses.py","21"
"Bocchi-Hero/xjtu-seat-monitor","02_adjacent","programCourse_do","scripts\list_courses.py","22"
"Bocchi-Hero/xjtu-seat-monitor","02_adjacent","programCourse_do","scripts\list_courses.py","23"
"Bocchi-Hero/xjtu-seat-monitor","02_adjacent","programCourse_do","scripts\list_courses.py","24"
"Bocchi-Hero/xjtu-seat-monitor","02_adjacent","publicCourse_do","scripts\list_courses.py","25"
"Bocchi-Hero/xjtu-seat-monitor","02_adjacent","xsxkapp","scripts\list_courses.py","38"
"Bocchi-Hero/xjtu-seat-monitor","02_adjacent","xkxf_do","scripts\list_courses.py","46"
"Bocchi-Hero/xjtu-seat-monitor","02_adjacent","xsxkapp","scripts\list_courses.py","46"
"Bocchi-Hero/xjtu-seat-monitor","02_adjacent","xsxkapp","scripts\list_courses.py","130"
"BryanHeBY/NJU_NEW_EAS_GRABER","02_adjacent","xsxkapp","graber_old_with_selenium.py","24"
"BryanHeBY/NJU_NEW_EAS_GRABER","02_adjacent","xsxkapp","graber.js","19"
"BryanHeBY/NJU_NEW_EAS_GRABER","02_adjacent","studentstatus_do","graber.js","49"
"BryanHeBY/NJU_NEW_EAS_GRABER","02_adjacent","xsxkapp","graber.js","49"
"BryanHeBY/NJU_NEW_EAS_GRABER","02_adjacent","volunteer_do","graber.js","71"
"BryanHeBY/NJU_NEW_EAS_GRABER","02_adjacent","xsxkapp","graber.js","71"
"cells114514/JNU-","02_adjacent","xsxkapp","get_cookies.py","38"
"cells114514/JNU-","02_adjacent","xsxkapp","get_cookies.py","47"
"cells114514/JNU-","02_adjacent","publicCourse_do","get_cookies.py","53"
"cells114514/JNU-","02_adjacent","xsxkapp","get_cookies.py","53"
"cells114514/JNU-","02_adjacent","studentstatus_do","get_cookies.py","76"
"cells114514/JNU-","02_adjacent","xsxkapp","get_cookies.py","76"
"cells114514/JNU-","02_adjacent","xsxkapp","get_cookies.py","216"
"cells114514/JNU-","02_adjacent","xsxkapp","get_cookies.py","295"
"cells114514/JNU-","02_adjacent","xsxkapp","get_cookies.py","316"
"cells114514/JNU-","02_adjacent","xsxkapp","get_cookies.py","392"
"cells114514/JNU-","02_adjacent","xsxkapp","jwxk.py","80"
"cells114514/JNU-","02_adjacent","volunteer_do","jwxk.py","120"
"cells114514/JNU-","02_adjacent","xsxkapp","jwxk.py","120"
"cells114514/JNU-","02_adjacent","xsxkapp","jwxk.py","123"
"cells114514/JNU-","02_adjacent","xsxkapp","query_course.py","93"
"cells114514/JNU-","02_adjacent","publicCourse_do","query_course.py","201"
"cells114514/JNU-","02_adjacent","xsxkapp","query_course.py","201"
"cells114514/JNU-","02_adjacent","xsxkapp","query_course.py","337"
"cells114514/JNU-","02_adjacent","xsxkapp","query_selected.py","78"
"cells114514/JNU-","02_adjacent","xsxkapp","query_selected.py","118"
"cells114514/JNU-","02_adjacent","xsxkapp","query_selected.py","256"
"chimaoshu/SZU_rush_for_lessons","01_same_stack","xsxkapp","Spider.py","19"
"chimaoshu/SZU_rush_for_lessons","01_same_stack","xsxkapp","Spider.py","31"
"davidwushi1145/YNU-xk_spider_Refactoring","01_same_stack","xsxkapp","src\ynu_xk_spider\http\client.py","82"
"davidwushi1145/YNU-xk_spider_Refactoring","01_same_stack","publicCourse_do","src\ynu_xk_spider\http\endpoints.py","37"
"davidwushi1145/YNU-xk_spider_Refactoring","01_same_stack","xsxkapp","src\ynu_xk_spider\http\endpoints.py","37"
"davidwushi1145/YNU-xk_spider_Refactoring","01_same_stack","programCourse_do","src\ynu_xk_spider\http\endpoints.py","48"
"davidwushi1145/YNU-xk_spider_Refactoring","01_same_stack","xsxkapp","src\ynu_xk_spider\http\endpoints.py","48"
"davidwushi1145/YNU-xk_spider_Refactoring","01_same_stack","volunteer_do","src\ynu_xk_spider\http\endpoints.py","59"
"davidwushi1145/YNU-xk_spider_Refactoring","01_same_stack","xsxkapp","src\ynu_xk_spider\http\endpoints.py","59"
"davidwushi1145/YNU-xk_spider_Refactoring","01_same_stack","courseResult_do","src\ynu_xk_spider\http\endpoints.py","73"
"davidwushi1145/YNU-xk_spider_Refactoring","01_same_stack","xsxkapp","src\ynu_xk_spider\http\endpoints.py","73"
"Dytchem/Machine-Learning-with-Python","02_adjacent","xsxkapp","crawler\workbench\.ipynb_checkpoints\data-checkpoint.csv","165"
"Dytchem/Machine-Learning-with-Python","02_adjacent","xsxkapp","crawler\workbench\data.csv","165"
"Dytchem/Machine-Learning-with-Python","02_adjacent","volunteer_do","crawler\xkfw\xkfw.py","45"
"Dytchem/Machine-Learning-with-Python","02_adjacent","xsxkapp","crawler\xkfw\xkfw.py","45"
"Dytchem/Machine-Learning-with-Python","02_adjacent","xsxkapp","crawler\xkfw\xkfw.py","56"
"Dytchem/Machine-Learning-with-Python","02_adjacent","xsxkapp","crawler\xkfw\xkfw.py","84"
"fe1w0/DailyClock_XDU_version","02_adjacent","xsxkapp","courseChoose.py","93"
"fe1w0/DailyClock_XDU_version","02_adjacent","xsxkapp","courseChoose.py","111"
"fe1w0/DailyClock_XDU_version","02_adjacent","xsxkapp","courseChoose.py","115"
"fe1w0/DailyClock_XDU_version","02_adjacent","xsxkapp","courseQuery.py","102"
"GreenTeodoro839/NJU-xk-helper","01_same_stack","xsxkapp","lib\authenticator.py","22"
"GreenTeodoro839/NJU-xk-helper","01_same_stack","vcode_do","lib\authenticator.py","24"
"GreenTeodoro839/NJU-xk-helper","01_same_stack","xsxkapp","lib\common.py","151"
"GreenTeodoro839/NJU-xk-helper","01_same_stack","studentstatus_do","lib\common.py","175"
"GreenTeodoro839/NJU-xk-helper","01_same_stack","xsxkapp","lib\common.py","175"
"GreenTeodoro839/NJU-xk-helper","01_same_stack","studentstatus_do","lib\common.py","189"
"GreenTeodoro839/NJU-xk-helper","01_same_stack","volunteer_do","lib\common.py","192"
"GreenTeodoro839/NJU-xk-helper","01_same_stack","xsxkapp","lib\session_manager.py","34"
"GreenTeodoro839/NJU-xk-helper","01_same_stack","volunteer_do","README.md","153"
"GreenTeodoro839/NJU-xk-helper","01_same_stack","xsxkapp","tools\get_batch_code.py","12"
"GreenTeodoro839/NJU-xk-helper","01_same_stack","xsxkapp","tools\get_batch_code.py","13"
"GreenTeodoro839/NJU-xk-helper","01_same_stack","xsxkapp","tools\import_favorites.py","32"
"GreenTeodoro839/NJU-xk-helper","01_same_stack","xsxkapp","tools\query_course_v2.py","32"
"GreenTeodoro839/NJU-xk-helper","01_same_stack","xsxkapp","xk_favorites.py","41"
"GreenTeodoro839/NJU-xk-helper","01_same_stack","volunteer_do","xk_favorites.py","42"
"GreenTeodoro839/NJU-xk-helper","01_same_stack","volunteer_do","xk_favorites.py","247"
"GreenTeodoro839/NJU-xk-helper","01_same_stack","volunteer_do","xk_quick.py","42"
"GreenTeodoro839/NJU-xk-helper","01_same_stack","xsxkapp","xk_quick.py","42"
"GreenTeodoro839/NJU-xk-helper","01_same_stack","volunteer_do","xk_quick.py","220"
"GreenTeodoro839/NJU-xk-helper","01_same_stack","studentstatus_do","xk_quick.py","221"
"GreenTeodoro839/NJU-xk-helper","01_same_stack","volunteer_do","xk.py","34"
"GreenTeodoro839/NJU-xk-helper","01_same_stack","xsxkapp","xk.py","34"
"GreenTeodoro839/NJU-xk-helper","01_same_stack","volunteer_do","xk.py","206"
"GreenTeodoro839/NJU-xk-helper","01_same_stack","studentstatus_do","xk.py","207"
"GreenTeodoro839/NJUxklogin","01_same_stack","xsxkapp","njuxklogin\_authenticator.py","15"
"GreenTeodoro839/NJUxklogin","01_same_stack","vcode_do","njuxklogin\_authenticator.py","17"
"GreenTeodoro839/NJUxklogin","01_same_stack","volunteer_do","README.md","168"
"GreenTeodoro839/NJUxklogin","01_same_stack","xsxkapp","README.md","168"
"guh0613/ehall-backend","00_nnu_direct","nnu_domain","configs\config.py","1"
"guh0613/ehall-backend","00_nnu_direct","nnu_domain","configs\config.py","2"
"guh0613/ehall-backend","00_nnu_direct","nnu_domain","configs\config.py","5"
"guh0613/ehall-backend","00_nnu_direct","nnu_domain","configs\config.py","7"
"guh0613/ehall-backend","00_nnu_direct","nnu_domain","configs\config.py","9"
"guh0613/ehall-backend","00_nnu_direct","xsxkapp","configs\config.py","9"
"guh0613/ehall-backend","00_nnu_direct","nnu_domain","utils\request_utils.py","29"
"guh0613/ehall-backend","00_nnu_direct","nnu_domain","utils\request_utils.py","30"
"guiyi886/szu_grab_course","01_same_stack","courseResult_do","choose_course.py","16"
"guiyi886/szu_grab_course","01_same_stack","xsxkapp","choose_course.py","16"
"guiyi886/szu_grab_course","01_same_stack","volunteer_do","choose_course.py","45"
"guiyi886/szu_grab_course","01_same_stack","xsxkapp","choose_course.py","45"
"guiyi886/szu_grab_course","01_same_stack","programCourse_do","downloads.py","20"
"guiyi886/szu_grab_course","01_same_stack","xsxkapp","downloads.py","20"
"guiyi886/szu_grab_course","01_same_stack","recommendedCourse_do","downloads.py","26"
"guiyi886/szu_grab_course","01_same_stack","xsxkapp","downloads.py","26"
"guiyi886/szu_grab_course","01_same_stack","programCourse_do","downloads.py","40"
"guiyi886/szu_grab_course","01_same_stack","xsxkapp","downloads.py","40"
"guiyi886/szu_grab_course","01_same_stack","programCourse_do","downloads.py","49"
"guiyi886/szu_grab_course","01_same_stack","xsxkapp","downloads.py","49"
"guiyi886/szu_grab_course","01_same_stack","programCourse_do","downloads.py","58"
"guiyi886/szu_grab_course","01_same_stack","xsxkapp","downloads.py","58"
"guiyi886/szu_grab_course","01_same_stack","programCourse_do","downloads.py","67"
"guiyi886/szu_grab_course","01_same_stack","xsxkapp","downloads.py","67"
"guiyi886/szu_grab_course","01_same_stack","programCourse_do","downloads.py","76"
"guiyi886/szu_grab_course","01_same_stack","xsxkapp","downloads.py","76"
"guiyi886/szu_grab_course","01_same_stack","xsxkapp","login.py","15"
"guiyi886/szu_grab_course","01_same_stack","vcode_do","login.py","25"
"guiyi886/szu_grab_course","01_same_stack","xsxkapp","login.py","25"
"guiyi886/szu_grab_course","01_same_stack","recommendedCourse_do","README.md","47"
"guiyi886/szu_grab_course","01_same_stack","recommendedCourse_do","setting.py","7"
"guiyi886/szu_grab_course","01_same_stack","xsxkapp","test.py","11"
"guiyi886/szu_grab_course","01_same_stack","volunteer_do","test.py","18"
"guiyi886/szu_grab_course","01_same_stack","xsxkapp","test.py","18"
"HansZ8/BIT-XK-WISEDU","01_same_stack","vcode_do","xk.py","32"
"HansZ8/BIT-XK-WISEDU","01_same_stack","xsxkapp","xk.py","32"
"HansZ8/BIT-XK-WISEDU","01_same_stack","xsxkapp","xk.py","42"
"HansZ8/BIT-XK-WISEDU","01_same_stack","xsxkapp","xk.py","88"
"HansZ8/BIT-XK-WISEDU","01_same_stack","xsxkapp","xk.py","90"
"HansZ8/BIT-XK-WISEDU","01_same_stack","xsxkapp","xk.py","129"
"HansZ8/BIT-XK-WISEDU","01_same_stack","xsxkapp","xk.py","149"
"HansZ8/BIT-XK-WISEDU","01_same_stack","volunteer_do","xk.py","231"
"HansZ8/BIT-XK-WISEDU","01_same_stack","xsxkapp","xk.py","231"
"HeraldStudio/herald-webservice","02_adjacent","vcode_do","routes\api\curriculum.js","130"
"HeraldStudio/herald-webservice","02_adjacent","xsxkapp","routes\api\curriculum.js","130"
"HeraldStudio/herald-webservice","02_adjacent","xsxkapp","routes\api\curriculum.js","136"
"HeraldStudio/herald-webservice","02_adjacent","xsxkapp","routes\api\curriculum.js","138"
"HeraldStudio/herald-webservice","02_adjacent","xsxkapp","routes\api\curriculum.js","142"
"HeraldStudio/herald-webservice","02_adjacent","xsxkapp","routes\api\curriculum.js","154"
"HeraldStudio/herald-webservice","02_adjacent","courseResult_do","routes\api\curriculum.js","155"
"HeraldStudio/herald-webservice","02_adjacent","xsxkapp","routes\api\curriculum.js","155"
"Hz162/XJTU-Course-Genius","02_adjacent","xsxkapp","backend\internal\auth\login.go","61"
"Hz162/XJTU-Course-Genius","02_adjacent","xsxkapp","backend\internal\auth\login.go","91"
"Hz162/XJTU-Course-Genius","02_adjacent","xsxkapp","backend\internal\auth\login.go","457"
"Hz162/XJTU-Course-Genius","02_adjacent","xsxkapp","backend\internal\auth\login.go","799"
"Hz162/XJTU-Course-Genius","02_adjacent","xsxkapp","backend\internal\auth\login.go","834"
"Hz162/XJTU-Course-Genius","02_adjacent","xsxkapp","backend\internal\auth\login.go","850"
"Hz162/XJTU-Course-Genius","02_adjacent","xsxkapp","backend\internal\auth\login.go","923"
"Hz162/XJTU-Course-Genius","02_adjacent","xsxkapp","backend\internal\auth\login.go","939"
"Hz162/XJTU-Course-Genius","02_adjacent","courseResult_do","backend\internal\course\query.go","76"
"Hz162/XJTU-Course-Genius","02_adjacent","xsxkapp","backend\internal\course\query.go","76"
"Hz162/XJTU-Course-Genius","02_adjacent","recommendedCourse_do","backend\internal\course\query.go","129"
"Hz162/XJTU-Course-Genius","02_adjacent","programCourse_do","backend\internal\course\query.go","130"
"Hz162/XJTU-Course-Genius","02_adjacent","programCourse_do","backend\internal\course\query.go","131"
"Hz162/XJTU-Course-Genius","02_adjacent","programCourse_do","backend\internal\course\query.go","132"
"Hz162/XJTU-Course-Genius","02_adjacent","publicCourse_do","backend\internal\course\query.go","133"
"Hz162/XJTU-Course-Genius","02_adjacent","xsxkapp","backend\internal\course\query.go","250"
"Hz162/XJTU-Course-Genius","02_adjacent","xsxkapp","backend\internal\course\query.go","410"
"Hz162/XJTU-Course-Genius","02_adjacent","volunteer_do","backend\internal\course\query.go","449"
"Hz162/XJTU-Course-Genius","02_adjacent","xsxkapp","backend\internal\course\query.go","449"
"Hz162/XJTU-Course-Genius","02_adjacent","volunteer_do","backend\internal\course\query.go","486"
"Hz162/XJTU-Course-Genius","02_adjacent","xsxkapp","backend\internal\course\query.go","486"
"Hz162/XJTU-Course-Genius","02_adjacent","volunteer_do","backend\internal\course\query.go","536"
"Hz162/XJTU-Course-Genius","02_adjacent","xsxkapp","backend\internal\course\query.go","536"
"Hz162/XJTU-Course-Genius","02_adjacent","volunteer_do","backend\internal\course\query.go","580"
"Hz162/XJTU-Course-Genius","02_adjacent","xsxkapp","backend\internal\course\query.go","580"
"Hz162/XJTU-Course-Genius","02_adjacent","xsxkapp","backend\internal\course\round.go","18"
"Hz162/XJTU-Course-Genius","02_adjacent","xkxf_do","backend\internal\course\round.go","59"
"Hz162/XJTU-Course-Genius","02_adjacent","xsxkapp","backend\internal\course\round.go","59"
"Hz162/XJTU-Course-Genius","02_adjacent","xsxkapp","backend\internal\course\round.go","79"
"Hz162/XJTU-Course-Genius","02_adjacent","xsxkapp","backend\internal\session\manager.go","157"
"Hz162/XJTU-Course-Genius","02_adjacent","xsxkapp","backend\internal\session\manager.go","180"
"Hz162/XJTU-Course-Genius","02_adjacent","xkxf_do","backend\README.md","118"
"Hz162/XJTU-Course-Genius","02_adjacent","courseResult_do","backend\README.md","119"
"Hz162/XJTU-Course-Genius","02_adjacent","volunteer_do","backend\README.md","122"
"Hz162/XJTU-Course-Genius","02_adjacent","volunteer_do","backend\README.md","123"
"Hz162/XJTU-Course-Genius","02_adjacent","recommendedCourse_do","backend\README.md","129"
"Hz162/XJTU-Course-Genius","02_adjacent","programCourse_do","backend\README.md","130"
"Hz162/XJTU-Course-Genius","02_adjacent","programCourse_do","backend\README.md","131"
"Hz162/XJTU-Course-Genius","02_adjacent","publicCourse_do","backend\README.md","132"
"Hz162/XJTU-Course-Genius","02_adjacent","programCourse_do","backend\README.md","133"
"Hz162/XJTU-Course-Genius","02_adjacent","xsxkapp","docs\CAS-LOGIN-GUIDE.md","233"
"imcuttle/njnu-quick-get-score","00_nnu_direct","njnu_domain","package.json","2"
"imcuttle/njnu-quick-get-score","00_nnu_direct","njnu_domain","package.json","15"
"imcuttle/njnu-quick-get-score","00_nnu_direct","njnu_domain","package.json","20"
"imcuttle/njnu-quick-get-score","00_nnu_direct","njnu_domain","package.json","22"
"imcuttle/njnu-quick-get-score","00_nnu_direct","njnu_domain","README.md","139"
"imcuttle/njnu-quick-get-score","00_nnu_direct","njnu_domain","spider\options.js","7"
"imcuttle/njnu-quick-get-score","00_nnu_direct","njnu_domain","static\index.html","6"
"imcuttle/njnu-quick-get-score","00_nnu_direct","njnu_domain","static\index.html","11"
"jimieguang/qiangke","02_adjacent","xsxkapp","main.py","15"
"jimieguang/qiangke","02_adjacent","xsxkapp","main.py","58"
"jimieguang/qiangke","02_adjacent","xsxkapp","main.py","92"
"jimieguang/qiangke","02_adjacent","publicCourse_do","main.py","113"
"jimieguang/qiangke","02_adjacent","xsxkapp","main.py","113"
"jimieguang/qiangke","02_adjacent","xsxkapp","main.py","129"
"jimieguang/qiangke","02_adjacent","volunteer_do","main.py","134"
"jimieguang/qiangke","02_adjacent","xsxkapp","main.py","134"
"KrowFeather/Prism","02_adjacent","recommendedCourse_do","Hexagon-spyder\__pycache__\const.cpython-311.pyc","14"
"KrowFeather/Prism","02_adjacent","vcode_do","Hexagon-spyder\__pycache__\const.cpython-311.pyc","14"
"KrowFeather/Prism","02_adjacent","xsxkapp","Hexagon-spyder\__pycache__\const.cpython-311.pyc","14"
"KrowFeather/Prism","02_adjacent","volunteer_do","Hexagon-spyder\__pycache__\service.cpython-311.pyc","75"
"KrowFeather/Prism","02_adjacent","xsxkapp","Hexagon-spyder\__pycache__\service.cpython-311.pyc","75"
"KrowFeather/Prism","02_adjacent","volunteer_do","Hexagon-spyder\__pycache__\service.cpython-311.pyc","100"
"KrowFeather/Prism","02_adjacent","xsxkapp","Hexagon-spyder\__pycache__\service.cpython-311.pyc","100"
"KrowFeather/Prism","02_adjacent","xsxkapp","Hexagon-spyder\__pycache__\service.cpython-311.pyc","101"
"KrowFeather/Prism","02_adjacent","xsxkapp","Hexagon-spyder\__pycache__\service.cpython-311.pyc","158"
"KrowFeather/Prism","02_adjacent","vcode_do","Hexagon-spyder\const.py","36"
"KrowFeather/Prism","02_adjacent","xsxkapp","Hexagon-spyder\const.py","36"
"KrowFeather/Prism","02_adjacent","xsxkapp","Hexagon-spyder\const.py","37"
"KrowFeather/Prism","02_adjacent","xsxkapp","Hexagon-spyder\const.py","38"
"KrowFeather/Prism","02_adjacent","recommendedCourse_do","Hexagon-spyder\const.py","39"
"KrowFeather/Prism","02_adjacent","xsxkapp","Hexagon-spyder\const.py","39"
"KrowFeather/Prism","02_adjacent","xsxkapp","Hexagon-spyder\const.py","40"
"KrowFeather/Prism","02_adjacent","volunteer_do","Hexagon-spyder\service.py","127"
"KrowFeather/Prism","02_adjacent","xsxkapp","Hexagon-spyder\service.py","127"
"KrowFeather/Prism","02_adjacent","volunteer_do","Hexagon-spyder\service.py","199"
"KrowFeather/Prism","02_adjacent","xsxkapp","Hexagon-spyder\service.py","199"
"KrowFeather/Prism","02_adjacent","xsxkapp","Hexagon-spyder\service.py","208"
"KrowFeather/Prism","02_adjacent","courseResult_do","Hexagon-spyder\service.py","260"
"KrowFeather/Prism","02_adjacent","xsxkapp","Hexagon-spyder\service.py","260"
"KrowFeather/Prism","02_adjacent","xsxkapp","Hexagon-spyder\service.py","269"
"KrowFeather/Prism","02_adjacent","xsxkapp","Hexagon-spyder\service.py","413"
"KrowFeather/Prism","02_adjacent","xsxkapp","Hexagon-spyder\service.py","431"
"KrowFeather/Prism","02_adjacent","xsxkapp","Hexagon-spyder\service.py","495"
"KW10-2/Gadgets","02_adjacent","volunteer_do","CoursePyGar\CoursePyGar.py","15"
"KW10-2/Gadgets","02_adjacent","xsxkapp","CoursePyGar\CoursePyGar.py","15"
"KW10-2/Gadgets","02_adjacent","volunteer_do","CoursePyGar\README.md","7"
"KW10-2/Gadgets","02_adjacent","volunteer_do","CoursePyGar\README.md","31"
"KW10-2/Gadgets","02_adjacent","xsxkapp","CoursePyGar\README.md","52"
"Lewin671/YourLesson","01_same_stack","courseResult_do","choose_course.py","16"
"Lewin671/YourLesson","01_same_stack","xsxkapp","choose_course.py","16"
"Lewin671/YourLesson","01_same_stack","volunteer_do","choose_course.py","45"
"Lewin671/YourLesson","01_same_stack","xsxkapp","choose_course.py","45"
"Lewin671/YourLesson","01_same_stack","programCourse_do","downloads.py","17"
"Lewin671/YourLesson","01_same_stack","xsxkapp","downloads.py","17"
"Lewin671/YourLesson","01_same_stack","recommendedCourse_do","downloads.py","23"
"Lewin671/YourLesson","01_same_stack","xsxkapp","downloads.py","23"
"Lewin671/YourLesson","01_same_stack","programCourse_do","downloads.py","37"
"Lewin671/YourLesson","01_same_stack","xsxkapp","downloads.py","37"
"Lewin671/YourLesson","01_same_stack","programCourse_do","downloads.py","46"
"Lewin671/YourLesson","01_same_stack","xsxkapp","downloads.py","46"
"Lewin671/YourLesson","01_same_stack","programCourse_do","downloads.py","55"
"Lewin671/YourLesson","01_same_stack","xsxkapp","downloads.py","55"
"Lewin671/YourLesson","01_same_stack","programCourse_do","downloads.py","64"
"Lewin671/YourLesson","01_same_stack","xsxkapp","downloads.py","64"
"Lewin671/YourLesson","01_same_stack","programCourse_do","downloads.py","73"
"Lewin671/YourLesson","01_same_stack","xsxkapp","downloads.py","73"
"Lewin671/YourLesson","01_same_stack","xsxkapp","login.py","15"
"Lewin671/YourLesson","01_same_stack","vcode_do","login.py","25"
"Lewin671/YourLesson","01_same_stack","xsxkapp","login.py","25"
"Lewin671/YourLesson","01_same_stack","recommendedCourse_do","README.md","12"
"Lewin671/YourLesson","01_same_stack","recommendedCourse_do","README.md","13"
"Lewin671/YourLesson","01_same_stack","recommendedCourse_do","README.md","14"
"Lewin671/YourLesson","01_same_stack","recommendedCourse_do","setting.py","8"
"Lewin671/YourLesson","01_same_stack","xsxkapp","test.py","11"
"Lewin671/YourLesson","01_same_stack","volunteer_do","test.py","18"
"Lewin671/YourLesson","01_same_stack","xsxkapp","test.py","18"
"lvttt/xdu-course-helper","02_adjacent","xsxkapp","manifest.json","18"
"lvttt/xdu-course-helper","02_adjacent","xsxkapp","manifest.json","23"
"lvttt/xdu-course-helper","02_adjacent","xsxkapp","manifest.json","30"
"lvttt/xdu-course-helper","02_adjacent","xsxkapp","manifest.json","31"
"lvttt/xdu-course-helper","02_adjacent","xsxkapp","Readme.md","8"
"lvttt/xdu-course-helper","02_adjacent","xsxkapp","Readme.md","31"
"lvttt/xdu-course-helper","02_adjacent","xsxkapp","Readme.md","38"
"lvttt/xdu-course-helper","02_adjacent","xsxkapp","src\App.vue","492"
"lvttt/xdu-course-helper","02_adjacent","xsxkapp","src\background\tasks\entrance.js","10"
"lvttt/xdu-course-helper","02_adjacent","xsxkapp","src\background\tasks\login.js","46"
"lvttt/xdu-course-helper","02_adjacent","xsxkapp","src\background\tasks\vcode.js","4"
"lvttt/xdu-course-helper","02_adjacent","xsxkapp","src\background\tasks\vcode.js","15"
"lvttt/xdu-course-helper","02_adjacent","xsxkapp","src\content\data\mock-public-info.json","165"
"lvttt/xdu-course-helper","02_adjacent","xsxkapp","src\content\entries\early-hook.entry.js","6"
"lvttt/xdu-course-helper","02_adjacent","xsxkapp","src\content\features\course-collection.js","124"
"lvttt/xdu-course-helper","02_adjacent","xsxkapp","src\content\features\course-collection.js","135"
"lvttt/xdu-course-helper","02_adjacent","xsxkapp","src\content\features\course-collection.js","146"
"lvttt/xdu-course-helper","02_adjacent","xsxkapp","src\shared\site-support.js","2"
"MattDong123/tools4szu","01_same_stack","xsxkapp","gra-autocourse\autocourse.py","27"
"MattDong123/tools4szu","01_same_stack","xsxkapp","gra-autocourse\autocourse.py","40"
"MattDong123/tools4szu","01_same_stack","xsxkapp","gra-autocourse\autocourse.py","50"
"MattDong123/tools4szu","01_same_stack","xsxkapp","gra-autocourse\autocourse.py","64"
"MattDong123/tools4szu","01_same_stack","xsxkapp","gra-autocourse\autocourse.py","73"
"mbmcmzh/JNU_CourseSnatcher","01_same_stack","volunteer_do","jnu_snatcher\api.py","90"
"mbmcmzh/JNU_CourseSnatcher","01_same_stack","xkxf_do","jnu_snatcher\config.py","6"
"mbmcmzh/JNU_CourseSnatcher","01_same_stack","xsxkapp","jnu_snatcher\config.py","6"
"mbmcmzh/JNU_CourseSnatcher","01_same_stack","publicCourse_do","jnu_snatcher\config.py","7"
"mbmcmzh/JNU_CourseSnatcher","01_same_stack","xsxkapp","jnu_snatcher\config.py","7"
"mbmcmzh/JNU_CourseSnatcher","01_same_stack","volunteer_do","jnu_snatcher\config.py","8"
"mbmcmzh/JNU_CourseSnatcher","01_same_stack","xsxkapp","jnu_snatcher\config.py","8"
"mbmcmzh/JNU_CourseSnatcher","01_same_stack","xkxf_do","jnu_snatcher\gui\embedded_browser.py","4"
"mbmcmzh/JNU_CourseSnatcher","01_same_stack","xkxf_do","jnu_snatcher\gui\embedded_browser.py","40"
"Mellow-Winds/NJU-Hub","02_adjacent","xsxkapp","manifest.json","68"
"Mellow-Winds/NJU-Hub","02_adjacent","xsxkapp","scripts\xk\xk_main.js","9"
"Mellow-Winds/NJU-Hub","02_adjacent","xsxkapp","scripts\xk\xk_main.js","32"
"Mr-enthalpy/NJU-auto-class-rush","01_same_stack","vcode_do","login.py","27"
"Mr-enthalpy/NJU-auto-class-rush","01_same_stack","xsxkapp","login.py","27"
"Mr-enthalpy/NJU-auto-class-rush","01_same_stack","xsxkapp","login.py","45"
"Mr-enthalpy/NJU-auto-class-rush","01_same_stack","xsxkapp","login.py","61"
"Mr-enthalpy/NJU-auto-class-rush","01_same_stack","xsxkapp","login.py","86"
"Mr-enthalpy/NJU-auto-class-rush","01_same_stack","volunteer_do","select.py","40"
"Mr-enthalpy/NJU-auto-class-rush","01_same_stack","xsxkapp","select.py","40"
"Mr-enthalpy/NJU-auto-class-rush","01_same_stack","studentstatus_do","select.py","49"
"Mr-enthalpy/NJU-auto-class-rush","01_same_stack","xsxkapp","select.py","49"
"neiro-o/seuGrabber","01_same_stack","volunteer_do","api\退课接口.txt","1"
"neiro-o/seuGrabber","01_same_stack","xsxkapp","api\退课接口.txt","1"
"neiro-o/seuGrabber","01_same_stack","volunteer_do","api\cancelCourse.php","16"
"neiro-o/seuGrabber","01_same_stack","xsxkapp","api\cancelCourse.php","16"
"neiro-o/seuGrabber","01_same_stack","volunteer_do","api\curlist.php","87"
"neiro-o/seuGrabber","01_same_stack","xsxkapp","api\curlist.php","87"
"neiro-o/seuGrabber","01_same_stack","xsxkapp","api\requests.php","8"
"neiro-o/seuGrabber","01_same_stack","recommendedCourse_do","api\requests.php","19"
"neiro-o/seuGrabber","01_same_stack","xsxkapp","api\requests.php","19"
"neiro-o/seuGrabber","01_same_stack","recommendedCourse_do","api\requests.php","41"
"neiro-o/seuGrabber","01_same_stack","xsxkapp","api\requests.php","41"
"neiro-o/seuGrabber","01_same_stack","publicCourse_do","api\requests.php","47"
"neiro-o/seuGrabber","01_same_stack","xsxkapp","api\requests.php","47"
"neiro-o/seuGrabber","01_same_stack","publicCourse_do","api\requests.php","69"
"neiro-o/seuGrabber","01_same_stack","xsxkapp","api\requests.php","69"
"neiro-o/seuGrabber","01_same_stack","programCourse_do","api\requests.php","75"
"neiro-o/seuGrabber","01_same_stack","xsxkapp","api\requests.php","75"
"neiro-o/seuGrabber","01_same_stack","programCourse_do","api\requests.php","81"
"neiro-o/seuGrabber","01_same_stack","xsxkapp","api\requests.php","81"
"neiro-o/seuGrabber","01_same_stack","volunteer_do","api\selectCourse.php","33"
"neiro-o/seuGrabber","01_same_stack","xsxkapp","api\selectCourse.php","33"
"neiro-o/seuGrabber","01_same_stack","volunteer_do","api\selectCourse.php","48"
"neiro-o/seuGrabber","01_same_stack","xsxkapp","api\selectCourse.php","48"
"neiro-o/seuGrabber","01_same_stack","volunteer_do","api\selectCourse.php","63"
"neiro-o/seuGrabber","01_same_stack","xsxkapp","api\selectCourse.php","63"
"neiro-o/seuGrabber","01_same_stack","volunteer_do","api\selectCourse.php","78"
"neiro-o/seuGrabber","01_same_stack","xsxkapp","api\selectCourse.php","78"
"neiro-o/seuGrabber","01_same_stack","volunteer_do","api\selectCourse.php","93"
"neiro-o/seuGrabber","01_same_stack","xsxkapp","api\selectCourse.php","93"
"neiro-o/seuGrabber","01_same_stack","volunteer_do","api\selProgramCourse.php","28"
"neiro-o/seuGrabber","01_same_stack","xsxkapp","api\selProgramCourse.php","28"
"neiro-o/seuGrabber","01_same_stack","xsxkapp","README.md","5"
"Othixx/xjtucourse","02_adjacent","volunteer_do","course_selection.py","56"
"Othixx/xjtucourse","02_adjacent","xsxkapp","course_selection.py","56"
"Othixx/xjtucourse","02_adjacent","xsxkapp","course_selection.py","66"
"Othixx/xjtucourse","02_adjacent","xsxkapp","course_selection.py","71"
"Othixx/xjtucourse","02_adjacent","xsxkapp","course_selection.py","125"
"Othixx/xjtucourse","02_adjacent","xsxkapp","course_selection.py","130"
"Othixx/xjtucourse","02_adjacent","xsxkapp","course_selection.py","166"
"Othixx/xjtucourse","02_adjacent","recommendedCourse_do","course_selection.py","190"
"Othixx/xjtucourse","02_adjacent","xsxkapp","course_selection.py","190"
"Othixx/xjtucourse","02_adjacent","xsxkapp","login.py","139"
"Othixx/xjtucourse","02_adjacent","xsxkapp","login.py","143"
"ruysdv/auto-query-score-system","00_nnu_direct","njnu_domain","README.md","87"
"ruysdv/auto-query-score-system","00_nnu_direct","nnu_domain","README.md","88"
"RyanShaw3/MyScripts","02_adjacent","volunteer_do","Fuck-BITcourse\Fuck-BITcourse 1.0 beta.py","6"
"RyanShaw3/MyScripts","02_adjacent","xsxkapp","Fuck-BITcourse\Fuck-BITcourse 1.0 beta.py","6"
"RyanShaw3/MyScripts","02_adjacent","volunteer_do","Fuck-BITcourse\Fuck-BITcourse 1.1 beta.py","6"
"RyanShaw3/MyScripts","02_adjacent","xsxkapp","Fuck-BITcourse\Fuck-BITcourse 1.1 beta.py","6"
"RyanShaw3/MyScripts","02_adjacent","xsxkapp","Fuck-BITcourse\README.md","10"
"sa-y0nara/jnu-course-helper","01_same_stack","volunteer_do","JNU.user.js","27"
"sa-y0nara/jnu-course-helper","01_same_stack","xsxkapp","JNU.user.js","27"
"starwingcc/YNU-xk_spider","01_same_stack","xsxkapp","xk_spider\AutoLogin.py","71"
"starwingcc/YNU-xk_spider","01_same_stack","publicCourse_do","xk_spider\GetCourse.py","36"
"starwingcc/YNU-xk_spider","01_same_stack","programCourse_do","xk_spider\GetCourse.py","38"
"starwingcc/YNU-xk_spider","01_same_stack","xsxkapp","xk_spider\GetCourse.py","40"
"starwingcc/YNU-xk_spider","01_same_stack","publicCourse_do","xk_spider\GetCourse.py","69"
"starwingcc/YNU-xk_spider","01_same_stack","programCourse_do","xk_spider\GetCourse.py","71"
"starwingcc/YNU-xk_spider","01_same_stack","volunteer_do","xk_spider\GetCourse.py","102"
"starwingcc/YNU-xk_spider","01_same_stack","xsxkapp","xk_spider\GetCourse.py","102"
"starwingcc/YNU-xk_spider","01_same_stack","xsxkapp","xk_spider\run.py","11"
"TheFunny233/NJUClassGrabber","01_same_stack","xkxf_do","grab.py","22"
"TheFunny233/NJUClassGrabber","01_same_stack","xsxkapp","grab.py","153"
"TheFunny233/NJUClassGrabber","01_same_stack","vcode_do","grab.py","158"
"TheFunny233/NJUClassGrabber","01_same_stack","xsxkapp","grab.py","158"
"TheFunny233/NJUClassGrabber","01_same_stack","xsxkapp","grab.py","178"
"TheFunny233/NJUClassGrabber","01_same_stack","xkxf_do","grab.py","195"
"TheFunny233/NJUClassGrabber","01_same_stack","xsxkapp","grab.py","195"
"TheFunny233/NJUClassGrabber","01_same_stack","xsxkapp","grab.py","205"
"TheFunny233/NJUClassGrabber","01_same_stack","xsxkapp","grab.py","216"
"TheFunny233/NJUClassGrabber","01_same_stack","volunteer_do","grab.py","259"
"TheFunny233/NJUClassGrabber","01_same_stack","xsxkapp","grab.py","259"
"TheFunny233/NJUClassGrabber","01_same_stack","volunteer_do","README.md","20"
"TheFunny233/NJUClassGrabber","01_same_stack","xkxf_do","README.md","66"
"tonglinggejimo/Course-Monitor-Grabber","01_same_stack","xsxkapp","course_monitor.py","11"
"tonglinggejimo/Course-Monitor-Grabber","01_same_stack","vcode_do","course_monitor.py","13"
"tonglinggejimo/Course-Monitor-Grabber","01_same_stack","volunteer_do","course_monitor.py","16"
"tonglinggejimo/Course-Monitor-Grabber","01_same_stack","studentstatus_do","course_monitor.py","179"
"tonglinggejimo/Course-Monitor-Grabber","01_same_stack","recommendedCourse_do","course_monitor.py","188"
"tonglinggejimo/Course-Monitor-Grabber","01_same_stack","volunteer_do","get_the_fxxk_class.py","54"
"tonglinggejimo/Course-Monitor-Grabber","01_same_stack","xsxkapp","get_the_fxxk_class.py","54"
"tonglinggejimo/Course-Monitor-Grabber","01_same_stack","xsxkapp","get_the_fxxk_class.py","62"
"tonglinggejimo/Course-Monitor-Grabber","01_same_stack","courseResult_do","get_the_fxxk_class.py","143"
"tonglinggejimo/Course-Monitor-Grabber","01_same_stack","xsxkapp","get_the_fxxk_class.py","143"
"tonglinggejimo/Course-Monitor-Grabber","01_same_stack","xsxkapp","get_the_fxxk_class.py","155"
"treehey/AutoCaptcha","02_adjacent","xsxkapp","content-grab.js","2"
"treehey/AutoCaptcha","02_adjacent","njnu_domain","data\click-captcha-exports\nju-click-captcha-samples-2026-07-19T13-40-12-156Z.json","49"
"treehey/AutoCaptcha","02_adjacent","njnu_domain","data\click-captcha-exports\nju-click-captcha-samples-2026-07-19T13-40-12-156Z.json","769"
"treehey/AutoCaptcha","02_adjacent","njnu_domain","data\click-captcha-exports\nju-click-captcha-samples-2026-07-19T13-40-12-156Z.json","1156"
"treehey/AutoCaptcha","02_adjacent","njnu_domain","data\click-captcha-exports\nju-click-captcha-samples-2026-07-19T15-34-48-362Z.json","820"
"treehey/AutoCaptcha","02_adjacent","njnu_domain","data\click-captcha-exports\nju-click-captcha-samples-2026-07-19T15-34-48-362Z.json","1060"
"treehey/AutoCaptcha","02_adjacent","njnu_domain","data\click-captcha-exports\nju-click-captcha-samples-2026-07-19T15-34-48-362Z.json","1204"
"treehey/AutoCaptcha","02_adjacent","njnu_domain","data\click-captcha-exports\nju-click-captcha-samples-2026-07-19T15-39-15-093Z.json","1444"
"treehey/AutoCaptcha","02_adjacent","njnu_domain","data\click-captcha-exports\nju-click-captcha-samples-2026-07-19T16-40-25-835Z.json","148"
"treehey/AutoCaptcha","02_adjacent","njnu_domain","data\click-captcha-exports\nju-click-captcha-samples-2026-07-19T16-40-25-835Z.json","1057"
"treehey/AutoCaptcha","02_adjacent","njnu_domain","data\click-captcha-exports\nju-click-captcha-samples-2026-07-19T16-43-50-283Z.json","100"
"treehey/AutoCaptcha","02_adjacent","njnu_domain","data\click-captcha-exports\nju-click-captcha-samples-2026-07-19T16-43-50-283Z.json","481"
"treehey/AutoCaptcha","02_adjacent","njnu_domain","data\click-captcha-exports\nju-click-captcha-samples-2026-07-19T16-43-50-283Z.json","865"
"treehey/AutoCaptcha","02_adjacent","njnu_domain","data\click-captcha-exports\nju-click-captcha-samples-2026-07-19T16-43-50-283Z.json","1204"
"treehey/AutoCaptcha","02_adjacent","njnu_domain","data\click-captcha-exports\nju-click-captcha-samples-2026-07-19T16-43-50-283Z.json","1252"
"treehey/AutoCaptcha","02_adjacent","njnu_domain","data\click-captcha-exports\nju-click-captcha-samples-2026-07-19T16-48-07-430Z.json","1153"
"treehey/AutoCaptcha","02_adjacent","njnu_domain","data\click-captcha-exports\nju-click-captcha-samples-2026-07-19T16-48-07-430Z.json","1300"
"treehey/AutoCaptcha","02_adjacent","njnu_domain","data\click-captcha-exports\nju-click-captcha-samples-2026-07-19T16-51-15-217Z.json","145"
"treehey/AutoCaptcha","02_adjacent","njnu_domain","data\click-captcha-exports\nju-click-captcha-samples-2026-07-19T16-51-15-217Z.json","148"
"treehey/AutoCaptcha","02_adjacent","njnu_domain","data\click-captcha-exports\nju-click-captcha-samples-2026-07-19T16-51-15-217Z.json","433"
"treehey/AutoCaptcha","02_adjacent","njnu_domain","data\click-captcha-exports\nju-click-captcha-samples-2026-07-19T16-51-15-217Z.json","481"
"treehey/AutoCaptcha","02_adjacent","njnu_domain","data\click-captcha-exports\nju-click-captcha-samples-2026-07-19T16-56-32-041Z.json","1009"
"treehey/AutoCaptcha","02_adjacent","njnu_domain","data\click-captcha-exports\nju-click-captcha-samples-2026-07-19T16-56-32-041Z.json","1105"
"treehey/AutoCaptcha","02_adjacent","njnu_domain","data\click-captcha-exports\nju-click-captcha-samples-2026-07-19T16-56-32-041Z.json","1300"
"treehey/AutoCaptcha","02_adjacent","njnu_domain","data\click-captcha-exports\nju-click-captcha-samples-2026-07-19T16-59-49-914Z.json","52"
"treehey/AutoCaptcha","02_adjacent","njnu_domain","data\click-captcha-exports\nju-click-captcha-samples-2026-07-19T16-59-49-914Z.json","673"
"treehey/AutoCaptcha","02_adjacent","njnu_domain","data\click-captcha-exports\nju-click-captcha-samples-2026-07-19T16-59-49-914Z.json","1108"
"treehey/AutoCaptcha","02_adjacent","njnu_domain","data\click-captcha-exports\nju-click-captcha-samples-2026-07-19T17-03-06-962Z.json","769"
"treehey/AutoCaptcha","02_adjacent","njnu_domain","data\click-captcha-exports\nju-click-captcha-samples-2026-07-19T17-03-06-962Z.json","868"
"treehey/AutoCaptcha","02_adjacent","njnu_domain","data\click-captcha-samples\round-001\metadata.json","22"
"treehey/AutoCaptcha","02_adjacent","njnu_domain","data\click-captcha-samples\round-001\metadata.json","742"
"treehey/AutoCaptcha","02_adjacent","njnu_domain","data\click-captcha-samples\round-001\source-export.json","49"
"treehey/AutoCaptcha","02_adjacent","njnu_domain","data\click-captcha-samples\round-001\source-export.json","769"
"treehey/AutoCaptcha","02_adjacent","njnu_domain","data\click-captcha-samples\round-001\source-export.json","1156"
"treehey/AutoCaptcha","02_adjacent","njnu_domain","data\click-captcha-samples\round-002\source-export.json","820"
"treehey/AutoCaptcha","02_adjacent","njnu_domain","data\click-captcha-samples\round-002\source-export.json","1060"
"treehey/AutoCaptcha","02_adjacent","njnu_domain","data\click-captcha-samples\round-002\source-export.json","1204"
"treehey/AutoCaptcha","02_adjacent","njnu_domain","data\click-captcha-samples\round-003\source-export.json","1444"
"treehey/AutoCaptcha","02_adjacent","njnu_domain","data\click-captcha-samples\round-004\metadata.json","1030"
"treehey/AutoCaptcha","02_adjacent","njnu_domain","data\click-captcha-samples\round-004\source-export.json","148"
"treehey/AutoCaptcha","02_adjacent","njnu_domain","data\click-captcha-samples\round-004\source-export.json","1057"
"treehey/AutoCaptcha","02_adjacent","njnu_domain","data\click-captcha-samples\round-005\metadata.json","454"
"treehey/AutoCaptcha","02_adjacent","njnu_domain","data\click-captcha-samples\round-005\metadata.json","838"
"treehey/AutoCaptcha","02_adjacent","njnu_domain","data\click-captcha-samples\round-005\source-export.json","100"
"treehey/AutoCaptcha","02_adjacent","njnu_domain","data\click-captcha-samples\round-005\source-export.json","481"
"treehey/AutoCaptcha","02_adjacent","njnu_domain","data\click-captcha-samples\round-005\source-export.json","865"
"treehey/AutoCaptcha","02_adjacent","njnu_domain","data\click-captcha-samples\round-005\source-export.json","1204"
"treehey/AutoCaptcha","02_adjacent","njnu_domain","data\click-captcha-samples\round-005\source-export.json","1252"
"treehey/AutoCaptcha","02_adjacent","njnu_domain","data\click-captcha-samples\round-006\metadata.json","1126"
"treehey/AutoCaptcha","02_adjacent","njnu_domain","data\click-captcha-samples\round-006\source-export.json","1153"
"treehey/AutoCaptcha","02_adjacent","njnu_domain","data\click-captcha-samples\round-006\source-export.json","1300"
"treehey/AutoCaptcha","02_adjacent","njnu_domain","data\click-captcha-samples\round-007\metadata.json","118"
"treehey/AutoCaptcha","02_adjacent","njnu_domain","data\click-captcha-samples\round-007\metadata.json","406"
"treehey/AutoCaptcha","02_adjacent","njnu_domain","data\click-captcha-samples\round-007\metadata.json","454"
"treehey/AutoCaptcha","02_adjacent","njnu_domain","data\click-captcha-samples\round-007\source-export.json","145"
"treehey/AutoCaptcha","02_adjacent","njnu_domain","data\click-captcha-samples\round-007\source-export.json","148"
"treehey/AutoCaptcha","02_adjacent","njnu_domain","data\click-captcha-samples\round-007\source-export.json","433"
"treehey/AutoCaptcha","02_adjacent","njnu_domain","data\click-captcha-samples\round-007\source-export.json","481"
"treehey/AutoCaptcha","02_adjacent","njnu_domain","data\click-captcha-samples\round-008\metadata.json","982"
"treehey/AutoCaptcha","02_adjacent","njnu_domain","data\click-captcha-samples\round-008\metadata.json","1078"
"treehey/AutoCaptcha","02_adjacent","njnu_domain","data\click-captcha-samples\round-008\source-export.json","1009"
"treehey/AutoCaptcha","02_adjacent","njnu_domain","data\click-captcha-samples\round-008\source-export.json","1105"
"treehey/AutoCaptcha","02_adjacent","njnu_domain","data\click-captcha-samples\round-008\source-export.json","1300"
"treehey/AutoCaptcha","02_adjacent","njnu_domain","data\click-captcha-samples\round-009\metadata.json","646"
"treehey/AutoCaptcha","02_adjacent","njnu_domain","data\click-captcha-samples\round-009\source-export.json","52"
"treehey/AutoCaptcha","02_adjacent","njnu_domain","data\click-captcha-samples\round-009\source-export.json","673"
"treehey/AutoCaptcha","02_adjacent","njnu_domain","data\click-captcha-samples\round-009\source-export.json","1108"
"treehey/AutoCaptcha","02_adjacent","njnu_domain","data\click-captcha-samples\round-010\metadata.json","742"
"treehey/AutoCaptcha","02_adjacent","njnu_domain","data\click-captcha-samples\round-010\source-export.json","769"
"treehey/AutoCaptcha","02_adjacent","njnu_domain","data\click-captcha-samples\round-010\source-export.json","868"
"treehey/AutoCaptcha","02_adjacent","njnu_domain","data\click-captcha-samples\round-011\metadata.json","220"
"treehey/AutoCaptcha","02_adjacent","njnu_domain","data\click-captcha-samples\round-011\metadata.json","1200"
"treehey/AutoCaptcha","02_adjacent","njnu_domain","data\click-captcha-samples\round-011\source-export.json","245"
"treehey/AutoCaptcha","02_adjacent","njnu_domain","data\click-captcha-samples\round-011\source-export.json","1225"
"treehey/AutoCaptcha","02_adjacent","njnu_domain","data\click-captcha-samples\round-012\metadata.json","269"
"treehey/AutoCaptcha","02_adjacent","njnu_domain","data\click-captcha-samples\round-012\metadata.json","759"
"treehey/AutoCaptcha","02_adjacent","njnu_domain","data\click-captcha-samples\round-012\metadata.json","955"
"treehey/AutoCaptcha","02_adjacent","njnu_domain","data\click-captcha-samples\round-012\source-export.json","294"
"treehey/AutoCaptcha","02_adjacent","njnu_domain","data\click-captcha-samples\round-012\source-export.json","784"
"treehey/AutoCaptcha","02_adjacent","njnu_domain","data\click-captcha-samples\round-012\source-export.json","836"
"treehey/AutoCaptcha","02_adjacent","njnu_domain","data\click-captcha-samples\round-012\source-export.json","980"
"treehey/AutoCaptcha","02_adjacent","njnu_domain","data\click-captcha-samples\round-013\metadata.json","1249"
"treehey/AutoCaptcha","02_adjacent","njnu_domain","data\click-captcha-samples\round-013\source-export.json","1274"
"treehey/AutoCaptcha","02_adjacent","njnu_domain","data\click-captcha-samples\round-014\metadata.json","514"
"treehey/AutoCaptcha","02_adjacent","njnu_domain","data\click-captcha-samples\round-014\source-export.json","539"
"treehey/AutoCaptcha","02_adjacent","njnu_domain","data\click-captcha-samples\round-014\source-export.json","591"
"treehey/AutoCaptcha","02_adjacent","njnu_domain","data\click-captcha-samples\round-015\metadata.json","557"
"treehey/AutoCaptcha","02_adjacent","njnu_domain","data\click-captcha-samples\round-015\metadata.json","655"
"treehey/AutoCaptcha","02_adjacent","njnu_domain","data\click-captcha-samples\round-015\source-export.json","150"
"treehey/AutoCaptcha","02_adjacent","njnu_domain","data\click-captcha-samples\round-015\source-export.json","581"
"treehey/AutoCaptcha","02_adjacent","njnu_domain","data\click-captcha-samples\round-015\source-export.json","633"
"treehey/AutoCaptcha","02_adjacent","njnu_domain","data\click-captcha-samples\round-015\source-export.json","679"
"treehey/AutoCaptcha","02_adjacent","njnu_domain","data\click-captcha-samples\round-015\source-export.json","1270"
"treehey/AutoCaptcha","02_adjacent","njnu_domain","data\click-captcha-samples\round-016\metadata.json","564"
"treehey/AutoCaptcha","02_adjacent","njnu_domain","data\click-captcha-samples\round-016\metadata.json","662"
"treehey/AutoCaptcha","02_adjacent","njnu_domain","data\click-captcha-samples\round-016\metadata.json","802"
"treehey/AutoCaptcha","02_adjacent","njnu_domain","data\click-captcha-samples\round-016\source-export.json","588"
"treehey/AutoCaptcha","02_adjacent","njnu_domain","data\click-captcha-samples\round-016\source-export.json","686"
"treehey/AutoCaptcha","02_adjacent","njnu_domain","data\click-captcha-samples\round-016\source-export.json","826"
"treehey/AutoCaptcha","02_adjacent","njnu_domain","data\click-captcha-samples\round-016\source-export.json","878"
"treehey/AutoCaptcha","02_adjacent","njnu_domain","data\click-captcha-samples\round-017\metadata.json","1200"
"treehey/AutoCaptcha","02_adjacent","njnu_domain","data\click-captcha-samples\round-017\source-export.json","1229"
"treehey/AutoCaptcha","02_adjacent","njnu_domain","data\click-captcha-samples\round-018\metadata.json","1298"
"treehey/AutoCaptcha","02_adjacent","njnu_domain","data\click-captcha-samples\round-018\source-export.json","301"
"treehey/AutoCaptcha","02_adjacent","njnu_domain","data\click-captcha-samples\round-018\source-export.json","1327"
"treehey/AutoCaptcha","02_adjacent","njnu_domain","data\click-captcha-samples\round-019\metadata.json","857"
"treehey/AutoCaptcha","02_adjacent","njnu_domain","data\click-captcha-samples\round-019\source-export.json","886"
"treehey/AutoCaptcha","02_adjacent","njnu_domain","data\click-captcha-samples\round-019\source-export.json","1428"
"treehey/AutoCaptcha","02_adjacent","njnu_domain","data\click-captcha-samples\round-020\metadata.json","367"
"treehey/AutoCaptcha","02_adjacent","njnu_domain","data\click-captcha-samples\round-020\metadata.json","1249"
"treehey/AutoCaptcha","02_adjacent","njnu_domain","data\click-captcha-samples\round-020\source-export.json","396"
"treehey/AutoCaptcha","02_adjacent","njnu_domain","data\click-captcha-samples\round-020\source-export.json","399"
"treehey/AutoCaptcha","02_adjacent","njnu_domain","data\click-captcha-samples\round-020\source-export.json","1278"
"treehey/AutoCaptcha","02_adjacent","xsxkapp","popup.js","2"
"Weeye-hua/SZU-Course-Help","01_same_stack","xsxkapp","choose_course.py","30"
"Weeye-hua/SZU-Course-Help","01_same_stack","courseResult_do","choose_course.py","49"
"Weeye-hua/SZU-Course-Help","01_same_stack","volunteer_do","choose_course.py","106"
"Weeye-hua/SZU-Course-Help","01_same_stack","xsxkapp","config.py","11"
"Weeye-hua/SZU-Course-Help","01_same_stack","xsxkapp","course_list.py","40"
"Weeye-hua/SZU-Course-Help","01_same_stack","programCourse_do","course_list.py","52"
"Weeye-hua/SZU-Course-Help","01_same_stack","recommendedCourse_do","course_list.py","91"
"Weeye-hua/SZU-Course-Help","01_same_stack","xsxkapp","logic.py","161"
"Weeye-hua/SZU-Course-Help","01_same_stack","xsxkapp","logic.py","229"
"Weeye-hua/SZU-Course-Help","01_same_stack","vcode_do","logic.py","461"
"Weeye-hua/SZU-Course-Help","01_same_stack","vcode_do","logic.py","513"
"Weeye-hua/SZU-Course-Help","01_same_stack","recommendedCourse_do","README.md","158"
"Weeye-hua/SZU-Course-Help","01_same_stack","volunteer_do","tests\test_request_contract.py","65"
"Weeye-hua/SZU-Course-Help","01_same_stack","recommendedCourse_do","tests\test_request_contract.py","96"
"WenHe233/CUC-Courses","01_same_stack","volunteer_do","README.md","9"
"WenHe233/CUC-Courses","01_same_stack","xsxkapp","xsxk.py","11"
"WenHe233/CUC-Courses","01_same_stack","volunteer_do","xsxk.py","13"
"WenHe233/CUC-Courses","01_same_stack","xsxkapp","xsxk.py","13"
"WheretoSleepinNJU/NJU-Class-Shedule-Flutter","02_adjacent","xsxkapp","api\schoolList.json","30"
"WheretoSleepinNJU/NJU-Class-Shedule-Flutter","02_adjacent","xsxkapp","api\schoolList.json","68"
"WheretoSleepinNJU/NJU-Class-Shedule-Flutter","02_adjacent","xsxkapp","api\schoolList.json","69"
"WheretoSleepinNJU/NJU-Class-Shedule-Flutter","02_adjacent","xsxkapp","api\schoolList.json","70"
"WheretoSleepinNJU/NJU-Class-Shedule-Flutter","02_adjacent","xsxkapp","api\schoolList.json","163"
"WheretoSleepinNJU/NJU-Class-Shedule-Flutter","02_adjacent","xsxkapp","api\schoolList.json","164"
"WheretoSleepinNJU/NJU-Class-Shedule-Flutter","02_adjacent","xsxkapp","api\schoolList.json","165"
"WheretoSleepinNJU/NJU-Class-Shedule-Flutter","02_adjacent","xsxkapp","lib\Pages\Import\ImportView.dart","279"
"WheretoSleepinNJU/NJU-Class-Shedule-Flutter","02_adjacent","xsxkapp","lib\Pages\Import\ImportView.dart","281"
"WheretoSleepinNJU/NJU-Class-Shedule-Flutter","02_adjacent","xsxkapp","lib\Pages\Import\ImportView.dart","283"
"WheretoSleepinNJU/NJU-Class-Shedule-Flutter","02_adjacent","xsxkapp","lib\Resources\Config.dart","37"
"WheretoSleepinNJU/NJU-Class-Shedule-Flutter","02_adjacent","xsxkapp","test\Files\xk.html","17"
"WheretoSleepinNJU/NJU-Class-Shedule-Flutter","02_adjacent","xsxkapp","test\Files\xk.html","19"
"WheretoSleepinNJU/NJU-Class-Shedule-Flutter","02_adjacent","xsxkapp","test\Files\xk.html","21"
"WheretoSleepinNJU/NJU-Class-Shedule-Flutter","02_adjacent","xsxkapp","test\Files\xk.html","23"
"WheretoSleepinNJU/NJU-Class-Shedule-Flutter","02_adjacent","xsxkapp","test\Files\xk.html","25"
"WheretoSleepinNJU/NJU-Class-Shedule-Flutter","02_adjacent","xsxkapp","test\Files\xk.html","35"
"WheretoSleepinNJU/NJU-Class-Shedule-Flutter","02_adjacent","xsxkapp","test\Files\xk.html","68"
"WheretoSleepinNJU/NJU-Class-Shedule-Flutter","02_adjacent","xsxkapp","test\Files\xk.html","71"
"WheretoSleepinNJU/NJU-Class-Shedule-Flutter","02_adjacent","xsxkapp","test\Files\xk.html","499"
"WheretoSleepinNJU/NJU-Class-Shedule-Flutter","02_adjacent","xsxkapp","test\Files\xk.html","507"
"WheretoSleepinNJU/NJU-Class-Shedule-Flutter","02_adjacent","xsxkapp","test\Files\xk.html","582"
"WheretoSleepinNJU/NJU-Class-Shedule-Flutter","02_adjacent","xsxkapp","test\Files\xk.html","592"
"WheretoSleepinNJU/NJU-Class-Shedule-Flutter","02_adjacent","xsxkapp","test\Files\xk.html","598"
"WheretoSleepinNJU/NJU-Class-Shedule-Flutter","02_adjacent","xsxkapp","test\Files\xk.html","600"
"WheretoSleepinNJU/NJU-Class-Shedule-Flutter","02_adjacent","xsxkapp","test\Files\xk.html","602"
"WheretoSleepinNJU/NJU-Class-Shedule-Flutter","02_adjacent","xsxkapp","test\Files\xk.html","604"
"WheretoSleepinNJU/NJU-Class-Shedule-Flutter","02_adjacent","xsxkapp","test\Files\xk.html","606"
"WheretoSleepinNJU/NJU-Class-Shedule-Flutter","02_adjacent","xsxkapp","test\Files\xk.html","608"
"WheretoSleepinNJU/NJU-Class-Shedule-Flutter","02_adjacent","xsxkapp","test\Files\xk.html","611"
"WheretoSleepinNJU/NJU-Class-Shedule-Flutter","02_adjacent","xsxkapp","test\Files\xk.html","613"
"WheretoSleepinNJU/NJU-Class-Shedule-Flutter","02_adjacent","xsxkapp","test\Files\xk.html","615"
"WheretoSleepinNJU/NJU-Class-Shedule-Flutter","02_adjacent","xsxkapp","test\Files\xk.html","617"
"WheretoSleepinNJU/NJU-Class-Shedule-Flutter","02_adjacent","xsxkapp","test\Files\xk.html","620"
"WheretoSleepinNJU/NJU-Class-Shedule-Flutter","02_adjacent","xsxkapp","test\Files\xk.html","622"
"WheretoSleepinNJU/NJU-Class-Shedule-Flutter","02_adjacent","xsxkapp","test\Files\xk.html","624"
"WheretoSleepinNJU/NJU-Class-Shedule-Flutter","02_adjacent","xsxkapp","test\Files\xk.html","627"
"XingHeYuZhuan/shiguang_warehouse","00_nnu_direct","njnu_domain","index\root_index.yaml","181"
"XingHeYuZhuan/shiguang_warehouse","00_nnu_direct","njnu_domain","index\root_index.yaml","184"
"XingHeYuZhuan/shiguang_warehouse","00_nnu_direct","nnu_domain","resources\HUNNU\adapters.yaml","7"
"XingHeYuZhuan/shiguang_warehouse","00_nnu_direct","nnu_domain","resources\HUNNU\hunnu.js","2"
"XingHeYuZhuan/shiguang_warehouse","00_nnu_direct","njnu_domain","resources\NJNU\adapters.yaml","1"
"XingHeYuZhuan/shiguang_warehouse","00_nnu_direct","njnu_domain","resources\NJNU\adapters.yaml","3"
"XingHeYuZhuan/shiguang_warehouse","00_nnu_direct","njnu_domain","resources\NJNU\adapters.yaml","6"
"XingHeYuZhuan/shiguang_warehouse","00_nnu_direct","nnu_domain","resources\NJNU\adapters.yaml","7"
"XingHeYuZhuan/shiguang_warehouse","00_nnu_direct","njnu_domain","resources\NJNU\njnu.js","1"
"XingHeYuZhuan/shiguang_warehouse","00_nnu_direct","nnu_domain","resources\NJNU\njnu.js","67"
"XingHeYuZhuan/shiguang_warehouse","00_nnu_direct","nnu_domain","resources\NJNU\njnu.js","225"
"XingHeYuZhuan/shiguang_warehouse","00_nnu_direct","nnu_domain","resources\NJNU\njnu.js","244"
"xjtu-wang/XJTU-Toolbox","02_adjacent","xsxkapp","__pycache__\getcourse.cpython-38.pyc","36"
"xjtu-wang/XJTU-Toolbox","02_adjacent","xsxkapp","__pycache__\getcourse.cpython-38.pyc","37"
"xjtu-wang/XJTU-Toolbox","02_adjacent","volunteer_do","__pycache__\getcourse.cpython-38.pyc","40"
"xjtu-wang/XJTU-Toolbox","02_adjacent","xsxkapp","__pycache__\getcourse.cpython-38.pyc","40"
"xjtu-wang/XJTU-Toolbox","02_adjacent","xsxkapp","getcourse.py","88"
"xjtu-wang/XJTU-Toolbox","02_adjacent","xsxkapp","getcourse.py","99"
"xjtu-wang/XJTU-Toolbox","02_adjacent","xsxkapp","getcourse.py","112"
"xjtu-wang/XJTU-Toolbox","02_adjacent","volunteer_do","getcourse.py","136"
"xjtu-wang/XJTU-Toolbox","02_adjacent","xsxkapp","getcourse.py","136"
"xjtu-wang/XJTU-Toolbox","02_adjacent","xsxkapp","getcourse.py","138"
"xzzvsxd/szu_grab_course_for_yjs","01_same_stack","xsxkapp","apis.py","24"
"xzzvsxd/szu_grab_course_for_yjs","01_same_stack","xsxkapp","apis.py","61"
"xzzvsxd/szu_grab_course_for_yjs","01_same_stack","xsxkapp","apis.py","100"
"xzzvsxd/szu_grab_course_for_yjs","01_same_stack","xsxkapp","apis.py","112"
"xzzvsxd/szu_grab_course_for_yjs","01_same_stack","xsxkapp","apis.py","130"
"xzzvsxd/szu_grab_course_for_yjs","01_same_stack","xsxkapp","apis.py","149"
"xzzvsxd/szu_grab_course_for_yjs","01_same_stack","xsxkapp","apis.py","177"
"xzzvsxd/szu_grab_course_for_yjs","01_same_stack","xsxkapp","apis.py","225"
"xzzvsxd/szu_grab_course_for_yjs","01_same_stack","xsxkapp","apis.py","238"
"xzzvsxd/szu_grab_course_for_yjs","01_same_stack","xsxkapp","apis.py","368"
"YDX-2147483647/BIT-enhanced","02_adjacent","xsxkapp","Stylus\BIT-本科生教务-首页.css","10"
"YDX-2147483647/BIT-enhanced","02_adjacent","xsxkapp","TamperMonkey\BIT-选课.md","3"
"YDX-2147483647/BIT-enhanced","02_adjacent","xsxkapp","TamperMonkey\BIT-选课.user.js","9"
"YDX-2147483647/BIT-enhanced","02_adjacent","xsxkapp","TamperMonkey\BIT-选课.user.js","10"
"YDX-2147483647/BIT-enhanced","02_adjacent","xsxkapp","TamperMonkey\BIT-选课.user.js","11"
"YHalo-wyh/YNU-xk_spider-Pro","01_same_stack","recommendedCourse_do","RELEASE_v2.0.0.md","60"
"YHalo-wyh/YNU-xk_spider-Pro","01_same_stack","recommendedCourse_do","RELEASE_v2.1.0.md","68"
"YHalo-wyh/YNU-xk_spider-Pro","01_same_stack","programCourse_do","RELEASE_v2.2.0.md","18"
"YHalo-wyh/YNU-xk_spider-Pro","01_same_stack","volunteer_do","RELEASE_v2.2.0.md","22"
"YHalo-wyh/YNU-xk_spider-Pro","01_same_stack","courseResult_do","RELEASE_v2.2.0.md","23"
"YHalo-wyh/YNU-xk_spider-Pro","01_same_stack","recommendedCourse_do","xk_spider\gui\config.py","19"
"YHalo-wyh/YNU-xk_spider-Pro","01_same_stack","programCourse_do","xk_spider\gui\config.py","20"
"YHalo-wyh/YNU-xk_spider-Pro","01_same_stack","programCourse_do","xk_spider\gui\config.py","21"
"YHalo-wyh/YNU-xk_spider-Pro","01_same_stack","publicCourse_do","xk_spider\gui\config.py","22"
"YHalo-wyh/YNU-xk_spider-Pro","01_same_stack","programCourse_do","xk_spider\gui\config.py","23"
"YHalo-wyh/YNU-xk_spider-Pro","01_same_stack","xsxkapp","xk_spider\gui\config.py","45"
"YHalo-wyh/YNU-xk_spider-Pro","01_same_stack","recommendedCourse_do","xk_spider\gui\config.py","50"
"YHalo-wyh/YNU-xk_spider-Pro","01_same_stack","courseResult_do","xk_spider\gui\workers.py","457"
"YHalo-wyh/YNU-xk_spider-Pro","01_same_stack","courseResult_do","xk_spider\gui\workers.py","476"
"YHalo-wyh/YNU-xk_spider-Pro","01_same_stack","volunteer_do","xk_spider\gui\workers.py","571"
"YHalo-wyh/YNU-xk_spider-Pro","01_same_stack","courseResult_do","xk_spider\gui\workers.py","600"
"YHalo-wyh/YNU-xk_spider-Pro","01_same_stack","vcode_do","xk_spider\gui\workers.py","977"
"YHalo-wyh/YNU-xk_spider-Pro","01_same_stack","courseResult_do","xk_spider\gui\workers.py","1542"
"YHalo-wyh/YNU-xk_spider-Pro","01_same_stack","volunteer_do","xk_spider\gui\workers.py","1810"
"YHalo-wyh/YNU-xk_spider-Pro","01_same_stack","volunteer_do","xk_spider\gui\workers.py","1826"
"YHalo-wyh/YNU-xk_spider-Pro","01_same_stack","volunteer_do","xk_spider\gui\workers.py","1903"
"YHalo-wyh/YNU-xk_spider-Pro","01_same_stack","volunteer_do","xk_spider\gui\workers.py","1908"
"YHalo-wyh/YNU-xk_spider-Pro","01_same_stack","courseResult_do","xk_spider\gui\workers.py","1975"
"YHalo-wyh/YNU-xk_spider-Pro","01_same_stack","courseResult_do","xk_spider\gui\workers.py","1980"
"YHalo-wyh/YNU-xk_spider-Pro","01_same_stack","courseResult_do","xk_spider\gui\workers.py","2020"
"YHalo-wyh/YNU-xk_spider-Pro","01_same_stack","courseResult_do","xk_spider\gui\workers.py","2025"
"YHalo-wyh/YNU-xk_spider-Pro","01_same_stack","vcode_do","xk_spider\gui\workers.py","2520"
"YHalo-wyh/YNU-xk_spider-Pro","01_same_stack","courseResult_do","xk_spider\gui\workers.py","3106"
"yyngfive/new-course-system","02_adjacent","xsxkapp","courses.py","14"
"yyngfive/new-course-system","02_adjacent","xsxkapp","courses.py","42"
"yyngfive/new-course-system","02_adjacent","xsxkapp","courses.py","55"
"yyngfive/new-course-system","02_adjacent","programCourse_do","courses.py","86"
"yyngfive/new-course-system","02_adjacent","xsxkapp","courses.py","86"
"yyngfive/new-course-system","02_adjacent","vcode_do","courses.py","92"
"yyngfive/new-course-system","02_adjacent","xsxkapp","courses.py","92"
"yyngfive/new-course-system","02_adjacent","xsxkapp","courses.py","107"
"yyngfive/new-course-system","02_adjacent","programCourse_do","README.md","40"
"zly2006/xjtu-course","02_adjacent","xsxkapp","main.py","20"
"zly2006/xjtu-course","02_adjacent","xsxkapp","main.py","23"
"zly2006/xjtu-course","02_adjacent","xsxkapp","main.py","29"
"zly2006/xjtu-course","02_adjacent","vcode_do","main.py","33"
"zly2006/xjtu-course","02_adjacent","xsxkapp","main.py","33"
"zly2006/xjtu-course","02_adjacent","vcode_do","main.py","34"
"zly2006/xjtu-course","02_adjacent","xsxkapp","main.py","34"
"zly2006/xjtu-course","02_adjacent","vcode_do","main.py","35"
"zly2006/xjtu-course","02_adjacent","xsxkapp","main.py","35"
"zly2006/xjtu-course","02_adjacent","xkxf_do","main.py","36"
"zly2006/xjtu-course","02_adjacent","xsxkapp","main.py","36"
"zly2006/xjtu-login","02_adjacent","xsxkapp","src\course.rs","43"
"zly2006/xjtu-login","02_adjacent","xsxkapp","src\course.rs","94"
"zly2006/xjtu-login","02_adjacent","programCourse_do","src\course.rs","241"
"zly2006/xjtu-login","02_adjacent","xsxkapp","src\course.rs","241"
"zly2006/xjtu-login","02_adjacent","volunteer_do","src\course.rs","298"
"zly2006/xjtu-login","02_adjacent","xsxkapp","src\course.rs","298"
"zly2006/xjtu-login","02_adjacent","volunteer_do","src\course.rs","330"
"zly2006/xjtu-login","02_adjacent","xsxkapp","src\course.rs","330"
"zly2006/xjtu-login","02_adjacent","xsxkapp","src\course.rs","358"
"zly2006/xjtu-login","02_adjacent","xsxkapp","src\login.rs","177"
