"owner_repo","category","origin","commit","commit_date","file_count","source_bytes","readme","license_file","manifests"
"guh0613/ehall-backend","00_nnu_direct","https://github.com/guh0613/ehall-backend.git","25ccfe9c573072b93e951a8f3ee48dc4c4af4ac6","2024-08-27T23:45:00+08:00","22","41480","README.md","","pyproject.toml"
"imcuttle/njnu-quick-get-score","00_nnu_direct","https://github.com/imcuttle/njnu-quick-get-score.git","5a2e1e0d1e3901e79bbd0540b26d2ed9f4fd3301","2017-05-27T18:01:49+08:00","17","90749","README.md","","package.json"
"ruysdv/auto-query-score-system","00_nnu_direct","https://github.com/ruysdv/auto-query-score-system.git","60fe1477b524ebab98ffa3132aeb12fc19e59189","2026-01-17T19:43:32+08:00","7","42556","README.md","",""
"XingHeYuZhuan/shiguang_warehouse","00_nnu_direct","https://github.com/XingHeYuZhuan/shiguang_warehouse.git","f22896e188a8748953a91515599b6ac8eba31351","2026-08-26T17:26:25+08:00","328","2193677","README.md","LICENSE",""
"ANDYWANGTIANTIAN/SZU_AutoCourseSelecter","01_same_stack","https://github.com/ANDYWANGTIANTIAN/SZU_AutoCourseSelecter.git","4b70dc46d61d2cfc01ae9612ae5e00f8b607749e","2024-08-31T00:18:13+08:00","24","1669780","README.md","LICENSE","v2\SZU_AutoCourseSelecter\Cargo.toml"
"AriaPokotengYe/SEU-NewSystem-catcher","01_same_stack","https://github.com/AriaPokotengYe/SEU-NewSystem-catcher.git","97405b2e274028cbf2985c94ab4fb2ebabd8b12c","2019-12-20T19:39:49+08:00","12","29951786","README.md","LICENSE",""
"chimaoshu/SZU_rush_for_lessons","01_same_stack","https://github.com/chimaoshu/SZU_rush_for_lessons.git","fd7ca7ce92e0fc29b5edc95394cd017d5e366db9","2020-06-22T19:35:37+08:00","6","8934212","README.md","",""
"davidwushi1145/YNU-xk_spider_Refactoring","01_same_stack","https://github.com/davidwushi1145/YNU-xk_spider_Refactoring.git","44eef278b6b63f12a3de072252c2a34aaaf4e22c","2026-07-09T20:37:54-07:00","49","1144861","README.md","LICENSE","pyproject.toml;requirements.txt"
"GreenTeodoro839/NJU-xk-helper","01_same_stack","https://github.com/GreenTeodoro839/NJU-xk-helper.git","0c7339d5e806677027deebe338f18157ca4d2225","2026-08-25T13:40:06+08:00","19","10173009","README.md","",""
"GreenTeodoro839/NJUxklogin","01_same_stack","https://github.com/GreenTeodoro839/NJUxklogin.git","3651f2db0792d7f5515e7e933a881619bdb7978a","2026-02-26T22:05:13+08:00","11","10083518","README.md","LICENSE","pyproject.toml"
"guiyi886/szu_grab_course","01_same_stack","https://github.com/guiyi886/szu_grab_course.git","f14a22a8fcddeffd2284094eb266b6611866b8f6","2024-03-09T15:11:44+08:00","23","4577228","README.md","",""
"HansZ8/BIT-XK-WISEDU","01_same_stack","https://github.com/HansZ8/BIT-XK-WISEDU.git","59ec9f143a60df6322ff792902e281da6b5b43a4","2022-08-28T00:56:13+08:00","3","9493","Readme.md","",""
"Lewin671/YourLesson","01_same_stack","https://github.com/Lewin671/YourLesson.git","db68fbf02f4cf7a382c2a93786b8f8350bf978fd","2021-06-19T20:18:21+08:00","20","645035","README.md","",""
"MattDong123/tools4szu","01_same_stack","https://github.com/MattDong123/tools4szu.git","497a5d27630d48aa735806b178362a40af3226c7","2026-01-23T01:34:26+08:00","31","306482","README.md","",""
"mbmcmzh/JNU_CourseSnatcher","01_same_stack","https://github.com/mbmcmzh/JNU_CourseSnatcher.git","fcc4ec495eed782ff75cb225bb77d3101b821f8f","2026-06-11T17:45:57+08:00","19","75255","README.md","","pyproject.toml;requirements.txt"
"Mr-enthalpy/NJU-auto-class-rush","01_same_stack","https://github.com/Mr-enthalpy/NJU-auto-class-rush.git","02eba3b1089aa090e7039deaf77a9de1f6eb8ced","2026-03-02T23:41:13+08:00","32","6341449","README.md","",""
"neiro-o/seuGrabber","01_same_stack","https://github.com/neiro-o/seuGrabber.git","73d1e3f08776419bd86b0ea45e30feef6baf5920","2018-12-21T00:17:38+09:00","25","1128954","README.md","",""
"sa-y0nara/jnu-course-helper","01_same_stack","https://github.com/sa-y0nara/jnu-course-helper.git","85efec4f8110f063e35d0d60ce21dd0d2f9ac917","2025-06-22T23:44:54+08:00","2","24208","README.md","",""
"starwingcc/YNU-xk_spider","01_same_stack","https://github.com/starwingcc/YNU-xk_spider.git","ce1161dc470a084492972bef72d6006804d5d390","2026-02-18T11:55:36+08:00","9","120887","README.md","",""
"TheFunny233/NJUClassGrabber","01_same_stack","https://github.com/TheFunny233/NJUClassGrabber.git","059b9cb1d20d1431c1db064cc67881f03b3827f3","2026-01-02T17:04:49+08:00","7","156873","README.md","LICENSE","requirements.txt"
"tonglinggejimo/Course-Monitor-Grabber","01_same_stack","https://github.com/tonglinggejimo/Course-Monitor-Grabber.git","e866930dbf56a615b834771cb780e30f4db3a5b5","2026-05-25T16:07:55+08:00","4","52580","README.md","",""
"Weeye-hua/SZU-Course-Help","01_same_stack","https://github.com/Weeye-hua/SZU-Course-Help.git","54ebcd18202ffaf884eb7fedf9867a32cf23b274","2026-07-17T11:00:52+08:00","66","1023975","README.md","LICENSE","pyproject.toml;requirements.txt"
"WenHe233/CUC-Courses","01_same_stack","https://github.com/WenHe233/CUC-Courses.git","4d67f47dd8288416461747b89fd38062dd60393e","2023-12-18T13:09:05+08:00","4","40057","README.md","LICENSE",""
"xzzvsxd/szu_grab_course_for_yjs","01_same_stack","https://github.com/xzzvsxd/szu_grab_course_for_yjs.git","d9e932197ee540a6eaa49f2219cadda84e566141","2025-09-02T23:39:27+08:00","9","54178765","README.md","LICENSE","requirements.txt"
"YHalo-wyh/YNU-xk_spider-Pro","01_same_stack","https://github.com/YHalo-wyh/YNU-xk_spider-Pro.git","90755c4aa18cc7564076511555c619c42b74eed7","2026-07-17T04:33:49+08:00","33","27331453","README.md","LICENSE","requirements.txt"
"another-le/xjtu-tools","02_adjacent","https://github.com/another-le/xjtu-tools.git","a859bc117ade2e1935b5c213408506b678684832","2026-06-20T16:02:39+08:00","17","10885937","README.md","",""
"Bocchi-Hero/xjtu-seat-monitor","02_adjacent","https://github.com/Bocchi-Hero/xjtu-seat-monitor.git","506643c2469446cf1bde174c114531fbe2c805a6","2026-07-31T18:42:46+08:00","37","161158","README.md","LICENSE","requirements.txt"
"BryanHeBY/NJU_NEW_EAS_GRABER","02_adjacent","https://github.com/BryanHeBY/NJU_NEW_EAS_GRABER.git","a106bf6475595476401f4ffa1a714cc72d8a121b","2022-02-24T23:40:02+08:00","4","8463","README.md","",""
"cells114514/JNU-","02_adjacent","https://github.com/cells114514/JNU-.git","e1ebcc7502c37d57adb5130c1de02999c02fc49c","2026-07-02T12:10:28+08:00","8","59778","README.md","",""
"Dytchem/Machine-Learning-with-Python","02_adjacent","https://github.com/Dytchem/Machine-Learning-with-Python.git","ef1d4eef8016b4e58b58bb10f16716b7dc32e714","2025-07-23T22:08:30+08:00","101","40405217","README.md","",""
"fe1w0/DailyClock_XDU_version","02_adjacent","https://github.com/fe1w0/DailyClock_XDU_version.git","378176dc5d5ed64c773b3210a7253f1680e048ab","2023-06-08T15:46:38+08:00","9","20949","README.md","","requirements.txt"
"HeraldStudio/herald-webservice","02_adjacent","https://github.com/HeraldStudio/herald-webservice.git","29180c4ce90a444cf74ae00d3cd561dd17292ed3","2020-05-08T23:11:35+08:00","130","399536","README.md","LICENSE","package.json"
"Hz162/XJTU-Course-Genius","02_adjacent","https://github.com/Hz162/XJTU-Course-Genius.git","faf4235a7f00cb57617297dd0aba1acfc09cc8ad","2026-08-24T18:09:09+08:00","110","37031761","README.md","","backend\go.mod"
"jimieguang/qiangke","02_adjacent","https://github.com/jimieguang/qiangke.git","fefada31a68a8463a3d669d9a97c4e99799e00f3","2023-06-20T18:20:20+08:00","24","385911","README.md","",""
"KrowFeather/Prism","02_adjacent","https://github.com/KrowFeather/Prism.git","c3f3dc3f390b230846117631bfbaebbf4a8b1b9e","2026-01-19T02:27:59+08:00","31","330539","README.md","","package.json"
"KW10-2/Gadgets","02_adjacent","https://github.com/KW10-2/Gadgets.git","ca5b9b38fee4c13f1007e3803c1f33bf09830302","2024-02-27T15:14:55+08:00","4","6964","","LICENSE",""
"lvttt/xdu-course-helper","02_adjacent","https://github.com/lvttt/xdu-course-helper.git","c3fa33b35aef82e8f6475f9e5b629182858d2b41","2026-03-19T23:45:47+08:00","56","303106","Readme.md","LICENSE","package.json"
"Mellow-Winds/NJU-Hub","02_adjacent","https://github.com/Mellow-Winds/NJU-Hub.git","b3ffc3abbb36d993946183d04019bd827bcaa93c","2026-08-24T21:52:06+08:00","99","58649803","README.md","","package.json"
"Othixx/xjtucourse","02_adjacent","https://github.com/Othixx/xjtucourse.git","b164aad4c4161b9fc12af01c853cf68c502ef482","2025-02-21T14:05:08+08:00","7","17275950","README.md","LICENSE",""
"RyanShaw3/MyScripts","02_adjacent","https://github.com/RyanShaw3/MyScripts.git","8abe47df1adc70dc13389b0cc2ec301d4d3018c6","2025-03-22T20:19:32+08:00","207","2125658","README.md","LICENSE","ConvertToPDF\requirements.txt"
"treehey/AutoCaptcha","02_adjacent","https://github.com/treehey/AutoCaptcha.git","c20df009bb9717ef911241ed990c3694a25ab75b","2026-07-28T23:53:03+08:00","1219","177906684","readme.md","LICENSE",""
"WheretoSleepinNJU/NJU-Class-Shedule-Flutter","02_adjacent","https://github.com/WheretoSleepinNJU/NJU-Class-Shedule-Flutter.git","bb4d3d16a2368a09e414f88919a53c799b035d50","2026-08-22T18:56:02+08:00","316","3016315","README.md","LICENSE","Gemfile"
"xjtu-wang/XJTU-Toolbox","02_adjacent","https://github.com/xjtu-wang/XJTU-Toolbox.git","2eac98c4dda3ee75b528245db6a559b716e8b43c","2025-11-04T01:43:35+08:00","19","2427196","README.md","","requirements.txt"
"YDX-2147483647/BIT-enhanced","02_adjacent","https://github.com/YDX-2147483647/BIT-enhanced.git","900d2e6c5cc1cdb2209ca5b1cb8c9bc0ff8a2d90","2026-07-07T08:30:50+08:00","87","242917","README.md","LICENSE","docs\Gemfile"
"yyngfive/new-course-system","02_adjacent","https://github.com/yyngfive/new-course-system.git","4ca3d9a5ab58d02d84fd58bc89616c2fbfc006a9","2021-08-31T12:29:52+08:00","7","31190","README.md","LICENSE","requirements.txt"
"zly2006/xjtu-course","02_adjacent","https://github.com/zly2006/xjtu-course.git","32cec94b1a09e85afe62f0e0fbc6d2e872b972e0","2024-02-27T20:18:57+08:00","4","4955","","",""
"zly2006/xjtu-login","02_adjacent","https://github.com/zly2006/xjtu-login.git","c749ac9260e8615cb3e7f5ac19086628a8655d99","2025-09-11T12:49:50+08:00","12","99592","README.md","","Cargo.toml"
