"scan_root","category","relative_file","note"
"01_本地证据\sanitized","cookie","选课\选课_files\jqxcore.js","命中字段/代码模式；未保存匹配行或具体值"
"01_本地证据\sanitized","cookie","选课点击后\选课点击后_files\jqxcore.js","命中字段/代码模式；未保存匹配行或具体值"
"01_本地证据\sanitized","cookie","选课失败弹窗\选课失败弹窗_files\jqxcore.js","命中字段/代码模式；未保存匹配行或具体值"
"01_本地证据\sanitized","identifier","选课\选课_files\departurelog.js","命中字段/代码模式；未保存匹配行或具体值"
"01_本地证据\sanitized","identifier","选课\选课_files\grablessons.js","命中字段/代码模式；未保存匹配行或具体值"
"01_本地证据\sanitized","identifier","选课\选课_files\loginInUserRegister.js","命中字段/代码模式；未保存匹配行或具体值"
"01_本地证据\sanitized","identifier","选课\选课_files\selectedcourse.js","命中字段/代码模式；未保存匹配行或具体值"
"01_本地证据\sanitized","identifier","选课\选课_files\sidebar.js","命中字段/代码模式；未保存匹配行或具体值"
"01_本地证据\sanitized","identifier","选课\选课_files\xsxkpub.js","命中字段/代码模式；未保存匹配行或具体值"
"01_本地证据\sanitized","identifier","选课点击后\选课点击后_files\departurelog.js","命中字段/代码模式；未保存匹配行或具体值"
"01_本地证据\sanitized","identifier","选课点击后\选课点击后_files\grablessons.js","命中字段/代码模式；未保存匹配行或具体值"
"01_本地证据\sanitized","identifier","选课点击后\选课点击后_files\loginInUserRegister.js","命中字段/代码模式；未保存匹配行或具体值"
"01_本地证据\sanitized","identifier","选课点击后\选课点击后_files\selectedcourse.js","命中字段/代码模式；未保存匹配行或具体值"
"01_本地证据\sanitized","identifier","选课点击后\选课点击后_files\sidebar.js","命中字段/代码模式；未保存匹配行或具体值"
"01_本地证据\sanitized","identifier","选课点击后\选课点击后_files\xsxkpub.js","命中字段/代码模式；未保存匹配行或具体值"
"01_本地证据\sanitized","identifier","选课失败弹窗\选课失败弹窗_files\departurelog.js","命中字段/代码模式；未保存匹配行或具体值"
"01_本地证据\sanitized","identifier","选课失败弹窗\选课失败弹窗_files\grablessons.js","命中字段/代码模式；未保存匹配行或具体值"
"01_本地证据\sanitized","identifier","选课失败弹窗\选课失败弹窗_files\loginInUserRegister.js","命中字段/代码模式；未保存匹配行或具体值"
"01_本地证据\sanitized","identifier","选课失败弹窗\选课失败弹窗_files\selectedcourse.js","命中字段/代码模式；未保存匹配行或具体值"
"01_本地证据\sanitized","identifier","选课失败弹窗\选课失败弹窗_files\sidebar.js","命中字段/代码模式；未保存匹配行或具体值"
"01_本地证据\sanitized","identifier","选课失败弹窗\选课失败弹窗_files\xsxkpub.js","命中字段/代码模式；未保存匹配行或具体值"
"01_本地证据\sanitized","password","选课\选课_files\bh_utils.js","命中字段/代码模式；未保存匹配行或具体值"
"01_本地证据\sanitized","password","选课\选课_files\indexBS.js","命中字段/代码模式；未保存匹配行或具体值"
"01_本地证据\sanitized","password","选课\选课_files\jquery-2.1.1.min.js","命中字段/代码模式；未保存匹配行或具体值"
"01_本地证据\sanitized","password","选课\选课_files\jqxcore.js","命中字段/代码模式；未保存匹配行或具体值"
"01_本地证据\sanitized","password","选课点击后\选课点击后_files\bh_utils.js","命中字段/代码模式；未保存匹配行或具体值"
"01_本地证据\sanitized","password","选课点击后\选课点击后_files\indexBS.js","命中字段/代码模式；未保存匹配行或具体值"
"01_本地证据\sanitized","password","选课点击后\选课点击后_files\jquery-2.1.1.min.js","命中字段/代码模式；未保存匹配行或具体值"
"01_本地证据\sanitized","password","选课点击后\选课点击后_files\jqxcore.js","命中字段/代码模式；未保存匹配行或具体值"
"01_本地证据\sanitized","password","选课失败弹窗\选课失败弹窗_files\bh_utils.js","命中字段/代码模式；未保存匹配行或具体值"
"01_本地证据\sanitized","password","选课失败弹窗\选课失败弹窗_files\indexBS.js","命中字段/代码模式；未保存匹配行或具体值"
"01_本地证据\sanitized","password","选课失败弹窗\选课失败弹窗_files\jquery-2.1.1.min.js","命中字段/代码模式；未保存匹配行或具体值"
"01_本地证据\sanitized","password","选课失败弹窗\选课失败弹窗_files\jqxcore.js","命中字段/代码模式；未保存匹配行或具体值"
"01_本地证据\sanitized","token","选课\选课_files\departurelogBS.js","命中字段/代码模式；未保存匹配行或具体值"
"01_本地证据\sanitized","token","选课\选课_files\grablessons.js","命中字段/代码模式；未保存匹配行或具体值"
"01_本地证据\sanitized","token","选课\选课_files\grablessonsBS.js","命中字段/代码模式；未保存匹配行或具体值"
"01_本地证据\sanitized","token","选课\选课_files\indexBS.js","命中字段/代码模式；未保存匹配行或具体值"
"01_本地证据\sanitized","token","选课\选课_files\selectedcourseBS.js","命中字段/代码模式；未保存匹配行或具体值"
"01_本地证据\sanitized","token","选课\选课_files\sidebar.js","命中字段/代码模式；未保存匹配行或具体值"
"01_本地证据\sanitized","token","选课\选课_files\xsxkpub.js","命中字段/代码模式；未保存匹配行或具体值"
"01_本地证据\sanitized","token","选课\选课.html","命中字段/代码模式；未保存匹配行或具体值"
"01_本地证据\sanitized","token","选课点击后\选课点击后_files\departurelogBS.js","命中字段/代码模式；未保存匹配行或具体值"
"01_本地证据\sanitized","token","选课点击后\选课点击后_files\grablessons.js","命中字段/代码模式；未保存匹配行或具体值"
"01_本地证据\sanitized","token","选课点击后\选课点击后_files\grablessonsBS.js","命中字段/代码模式；未保存匹配行或具体值"
"01_本地证据\sanitized","token","选课点击后\选课点击后_files\indexBS.js","命中字段/代码模式；未保存匹配行或具体值"
"01_本地证据\sanitized","token","选课点击后\选课点击后_files\selectedcourseBS.js","命中字段/代码模式；未保存匹配行或具体值"
"01_本地证据\sanitized","token","选课点击后\选课点击后_files\sidebar.js","命中字段/代码模式；未保存匹配行或具体值"
"01_本地证据\sanitized","token","选课点击后\选课点击后_files\xsxkpub.js","命中字段/代码模式；未保存匹配行或具体值"
"01_本地证据\sanitized","token","选课点击后\选课点击后.html","命中字段/代码模式；未保存匹配行或具体值"
"01_本地证据\sanitized","token","选课失败弹窗\选课失败弹窗_files\departurelogBS.js","命中字段/代码模式；未保存匹配行或具体值"
"01_本地证据\sanitized","token","选课失败弹窗\选课失败弹窗_files\grablessons.js","命中字段/代码模式；未保存匹配行或具体值"
"01_本地证据\sanitized","token","选课失败弹窗\选课失败弹窗_files\grablessonsBS.js","命中字段/代码模式；未保存匹配行或具体值"
"01_本地证据\sanitized","token","选课失败弹窗\选课失败弹窗_files\indexBS.js","命中字段/代码模式；未保存匹配行或具体值"
"01_本地证据\sanitized","token","选课失败弹窗\选课失败弹窗_files\selectedcourseBS.js","命中字段/代码模式；未保存匹配行或具体值"
"01_本地证据\sanitized","token","选课失败弹窗\选课失败弹窗_files\sidebar.js","命中字段/代码模式；未保存匹配行或具体值"
"01_本地证据\sanitized","token","选课失败弹窗\选课失败弹窗_files\xsxkpub.js","命中字段/代码模式；未保存匹配行或具体值"
"01_本地证据\sanitized","token","选课失败弹窗\选课失败弹窗.html","命中字段/代码模式；未保存匹配行或具体值"
"02_公开资料\gist_greasyfork","password","niknul_xk_helper_raw.txt","命中字段/代码模式；未保存匹配行或具体值"
"02_公开资料\gist_greasyfork","secret","greasy_seu_official_source.html","命中字段/代码模式；未保存匹配行或具体值"
"02_公开资料\gist_greasyfork","secret","greasy_seu_ultimate_source.html","命中字段/代码模式；未保存匹配行或具体值"
"02_公开资料\gist_greasyfork","secret","greasy_seu_upgrade_source.html","命中字段/代码模式；未保存匹配行或具体值"
"02_公开资料\gist_greasyfork","token","greasy_seu_official_source.html","命中字段/代码模式；未保存匹配行或具体值"
"02_公开资料\gist_greasyfork","token","greasy_seu_ultimate_source.html","命中字段/代码模式；未保存匹配行或具体值"
"02_公开资料\gist_greasyfork","token","greasy_seu_upgrade_source.html","命中字段/代码模式；未保存匹配行或具体值"
"03_仓库源码","cookie","00_nnu_direct\guh0613__ehall-backend\services\cas_auth_service.py","命中字段/代码模式；未保存匹配行或具体值"
"03_仓库源码","cookie","00_nnu_direct\guh0613__ehall-backend\services\course_table_service.py","命中字段/代码模式；未保存匹配行或具体值"
"03_仓库源码","cookie","00_nnu_direct\guh0613__ehall-backend\services\score_rank_service.py","命中字段/代码模式；未保存匹配行或具体值"
"03_仓库源码","cookie","00_nnu_direct\guh0613__ehall-backend\services\user_info_service.py","命中字段/代码模式；未保存匹配行或具体值"
"03_仓库源码","cookie","00_nnu_direct\guh0613__ehall-backend\services\user_score_service.py","命中字段/代码模式；未保存匹配行或具体值"
"03_仓库源码","cookie","00_nnu_direct\guh0613__ehall-backend\utils\cas_cache_utils.py","命中字段/代码模式；未保存匹配行或具体值"
"03_仓库源码","cookie","00_nnu_direct\imcuttle__njnu-quick-get-score\headers\stuckcj.txt","命中字段/代码模式；未保存匹配行或具体值"
"03_仓库源码","cookie","00_nnu_direct\imcuttle__njnu-quick-get-score\index.js","命中字段/代码模式；未保存匹配行或具体值"
"03_仓库源码","cookie","00_nnu_direct\imcuttle__njnu-quick-get-score\server\ranNumber.js","命中字段/代码模式；未保存匹配行或具体值"
"03_仓库源码","cookie","00_nnu_direct\imcuttle__njnu-quick-get-score\spider\data.js","命中字段/代码模式；未保存匹配行或具体值"
"03_仓库源码","cookie","00_nnu_direct\imcuttle__njnu-quick-get-score\spider\login.js","命中字段/代码模式；未保存匹配行或具体值"
"03_仓库源码","cookie","00_nnu_direct\imcuttle__njnu-quick-get-score\utils\index.js","命中字段/代码模式；未保存匹配行或具体值"
"03_仓库源码","cookie","00_nnu_direct\XingHeYuZhuan__shiguang_warehouse\resources\CQUT\cqut_01.js","命中字段/代码模式；未保存匹配行或具体值"
"03_仓库源码","cookie","00_nnu_direct\XingHeYuZhuan__shiguang_warehouse\resources\FJCPC\fjcpc.js","命中字段/代码模式；未保存匹配行或具体值"
"03_仓库源码","cookie","00_nnu_direct\XingHeYuZhuan__shiguang_warehouse\resources\GUC\school.js","命中字段/代码模式；未保存匹配行或具体值"
"03_仓库源码","cookie","00_nnu_direct\XingHeYuZhuan__shiguang_warehouse\resources\GZTRC\gztrc.js","命中字段/代码模式；未保存匹配行或具体值"
"03_仓库源码","cookie","00_nnu_direct\XingHeYuZhuan__shiguang_warehouse\resources\HUAT\HUAT.js","命中字段/代码模式；未保存匹配行或具体值"
"03_仓库源码","cookie","00_nnu_direct\XingHeYuZhuan__shiguang_warehouse\resources\IMUT\IMUT_01.js","命中字段/代码模式；未保存匹配行或具体值"
"03_仓库源码","cookie","00_nnu_direct\XingHeYuZhuan__shiguang_warehouse\resources\JLU\JLU_01.js","命中字段/代码模式；未保存匹配行或具体值"
"03_仓库源码","cookie","00_nnu_direct\XingHeYuZhuan__shiguang_warehouse\resources\NIIT\niit.js","命中字段/代码模式；未保存匹配行或具体值"
"03_仓库源码","cookie","00_nnu_direct\XingHeYuZhuan__shiguang_warehouse\resources\SXDZKJ\sxdzkj.js","命中字段/代码模式；未保存匹配行或具体值"
"03_仓库源码","cookie","01_same_stack\ANDYWANGTIANTIAN__SZU_AutoCourseSelecter\v1\gui.py","命中字段/代码模式；未保存匹配行或具体值"
"03_仓库源码","cookie","01_same_stack\ANDYWANGTIANTIAN__SZU_AutoCourseSelecter\v1\login.py","命中字段/代码模式；未保存匹配行或具体值"
"03_仓库源码","cookie","01_same_stack\ANDYWANGTIANTIAN__SZU_AutoCourseSelecter\v1\settings.py","命中字段/代码模式；未保存匹配行或具体值"
"03_仓库源码","cookie","01_same_stack\AriaPokotengYe__SEU-NewSystem-catcher\crawl.py","命中字段/代码模式；未保存匹配行或具体值"
"03_仓库源码","cookie","01_same_stack\davidwushi1145__YNU-xk_spider_Refactoring\README.md","命中字段/代码模式；未保存匹配行或具体值"
"03_仓库源码","cookie","01_same_stack\davidwushi1145__YNU-xk_spider_Refactoring\src\ynu_xk_spider\domain\models.py","命中字段/代码模式；未保存匹配行或具体值"
"03_仓库源码","cookie","01_same_stack\davidwushi1145__YNU-xk_spider_Refactoring\src\ynu_xk_spider\domain\services\login.py","命中字段/代码模式；未保存匹配行或具体值"
"03_仓库源码","cookie","01_same_stack\davidwushi1145__YNU-xk_spider_Refactoring\src\ynu_xk_spider\http\client.py","命中字段/代码模式；未保存匹配行或具体值"
"03_仓库源码","cookie","01_same_stack\davidwushi1145__YNU-xk_spider_Refactoring\src\ynu_xk_spider\spiders\ynu_spider.py","命中字段/代码模式；未保存匹配行或具体值"
"03_仓库源码","cookie","01_same_stack\davidwushi1145__YNU-xk_spider_Refactoring\tests\test_http_client_thread_local.py","命中字段/代码模式；未保存匹配行或具体值"
"03_仓库源码","cookie","01_same_stack\davidwushi1145__YNU-xk_spider_Refactoring\tests\test_spider_resilience.py","命中字段/代码模式；未保存匹配行或具体值"
"03_仓库源码","cookie","01_same_stack\GreenTeodoro839__NJU-xk-helper\lib\authenticator.py","命中字段/代码模式；未保存匹配行或具体值"
"03_仓库源码","cookie","01_same_stack\GreenTeodoro839__NJU-xk-helper\lib\common.py","命中字段/代码模式；未保存匹配行或具体值"
"03_仓库源码","cookie","01_same_stack\GreenTeodoro839__NJU-xk-helper\lib\session_manager.py","命中字段/代码模式；未保存匹配行或具体值"
"03_仓库源码","cookie","01_same_stack\GreenTeodoro839__NJU-xk-helper\README.md","命中字段/代码模式；未保存匹配行或具体值"
"03_仓库源码","cookie","01_same_stack\GreenTeodoro839__NJU-xk-helper\tools\import_favorites.py","命中字段/代码模式；未保存匹配行或具体值"
"03_仓库源码","cookie","01_same_stack\GreenTeodoro839__NJU-xk-helper\tools\input_cookie.py","命中字段/代码模式；未保存匹配行或具体值"
"03_仓库源码","cookie","01_same_stack\GreenTeodoro839__NJU-xk-helper\tools\query_course_v2.py","命中字段/代码模式；未保存匹配行或具体值"
"03_仓库源码","cookie","01_same_stack\GreenTeodoro839__NJU-xk-helper\xk_favorites.py","命中字段/代码模式；未保存匹配行或具体值"
"03_仓库源码","cookie","01_same_stack\GreenTeodoro839__NJU-xk-helper\xk_quick.py","命中字段/代码模式；未保存匹配行或具体值"
"03_仓库源码","cookie","01_same_stack\GreenTeodoro839__NJU-xk-helper\xk.py","命中字段/代码模式；未保存匹配行或具体值"
"03_仓库源码","cookie","01_same_stack\GreenTeodoro839__NJUxklogin\njuxklogin\__init__.py","命中字段/代码模式；未保存匹配行或具体值"
"03_仓库源码","cookie","01_same_stack\GreenTeodoro839__NJUxklogin\njuxklogin\_authenticator.py","命中字段/代码模式；未保存匹配行或具体值"
"03_仓库源码","cookie","01_same_stack\GreenTeodoro839__NJUxklogin\README.md","命中字段/代码模式；未保存匹配行或具体值"
"03_仓库源码","cookie","01_same_stack\guiyi886__szu_grab_course\login.py","命中字段/代码模式；未保存匹配行或具体值"
"03_仓库源码","cookie","01_same_stack\guiyi886__szu_grab_course\README.md","命中字段/代码模式；未保存匹配行或具体值"
"03_仓库源码","cookie","01_same_stack\guiyi886__szu_grab_course\setting.py","命中字段/代码模式；未保存匹配行或具体值"
"03_仓库源码","cookie","01_same_stack\guiyi886__szu_grab_course\test.py","命中字段/代码模式；未保存匹配行或具体值"
"03_仓库源码","cookie","01_same_stack\HansZ8__BIT-XK-WISEDU\xk.py","命中字段/代码模式；未保存匹配行或具体值"
"03_仓库源码","cookie","01_same_stack\Lewin671__YourLesson\login.py","命中字段/代码模式；未保存匹配行或具体值"
"03_仓库源码","cookie","01_same_stack\Lewin671__YourLesson\README.md","命中字段/代码模式；未保存匹配行或具体值"
"03_仓库源码","cookie","01_same_stack\Lewin671__YourLesson\setting.py","命中字段/代码模式；未保存匹配行或具体值"
"03_仓库源码","cookie","01_same_stack\Lewin671__YourLesson\test.py","命中字段/代码模式；未保存匹配行或具体值"
"03_仓库源码","cookie","01_same_stack\MattDong123__tools4szu\detailed-score\query.py","命中字段/代码模式；未保存匹配行或具体值"
"03_仓库源码","cookie","01_same_stack\MattDong123__tools4szu\detailed-score\README.md","命中字段/代码模式；未保存匹配行或具体值"
"03_仓库源码","cookie","01_same_stack\MattDong123__tools4szu\gra-autocourse\autocourse.py","命中字段/代码模式；未保存匹配行或具体值"
"03_仓库源码","cookie","01_same_stack\MattDong123__tools4szu\gra-autocourse\README.md","命中字段/代码模式；未保存匹配行或具体值"
"03_仓库源码","cookie","01_same_stack\MattDong123__tools4szu\gra-prescore\divide-prescore.py","命中字段/代码模式；未保存匹配行或具体值"
"03_仓库源码","cookie","01_same_stack\MattDong123__tools4szu\gra-prescore\prescore.py","命中字段/代码模式；未保存匹配行或具体值"
"03_仓库源码","cookie","01_same_stack\MattDong123__tools4szu\gra-prescore\README.md","命中字段/代码模式；未保存匹配行或具体值"
"03_仓库源码","cookie","01_same_stack\MattDong123__tools4szu\README.md","命中字段/代码模式；未保存匹配行或具体值"
"03_仓库源码","cookie","01_same_stack\MattDong123__tools4szu\venue-helper\apis.py","命中字段/代码模式；未保存匹配行或具体值"
"03_仓库源码","cookie","01_same_stack\MattDong123__tools4szu\venue-helper\README.md","命中字段/代码模式；未保存匹配行或具体值"
"03_仓库源码","cookie","01_same_stack\MattDong123__tools4szu\venue-helper\settings.py","命中字段/代码模式；未保存匹配行或具体值"
"03_仓库源码","cookie","01_same_stack\mbmcmzh__JNU_CourseSnatcher\jnu_snatcher\credentials.py","命中字段/代码模式；未保存匹配行或具体值"
"03_仓库源码","cookie","01_same_stack\mbmcmzh__JNU_CourseSnatcher\jnu_snatcher\gui\embedded_browser.py","命中字段/代码模式；未保存匹配行或具体值"
"03_仓库源码","cookie","01_same_stack\mbmcmzh__JNU_CourseSnatcher\README.md","命中字段/代码模式；未保存匹配行或具体值"
"03_仓库源码","cookie","01_same_stack\mbmcmzh__JNU_CourseSnatcher\tests\test_core.py","命中字段/代码模式；未保存匹配行或具体值"
"03_仓库源码","cookie","01_same_stack\neiro-o__seuGrabber\api\cancelCourse.php","命中字段/代码模式；未保存匹配行或具体值"
"03_仓库源码","cookie","01_same_stack\neiro-o__seuGrabber\api\curlist.php","命中字段/代码模式；未保存匹配行或具体值"
"03_仓库源码","cookie","01_same_stack\neiro-o__seuGrabber\api\getCourse.php","命中字段/代码模式；未保存匹配行或具体值"
"03_仓库源码","cookie","01_same_stack\neiro-o__seuGrabber\api\requests.php","命中字段/代码模式；未保存匹配行或具体值"
"03_仓库源码","cookie","01_same_stack\neiro-o__seuGrabber\api\selectCourse.php","命中字段/代码模式；未保存匹配行或具体值"
"03_仓库源码","cookie","01_same_stack\neiro-o__seuGrabber\api\selProgramCourse.php","命中字段/代码模式；未保存匹配行或具体值"
"03_仓库源码","cookie","01_same_stack\neiro-o__seuGrabber\config.php","命中字段/代码模式；未保存匹配行或具体值"
"03_仓库源码","cookie","01_same_stack\neiro-o__seuGrabber\func.php","命中字段/代码模式；未保存匹配行或具体值"
"03_仓库源码","cookie","01_same_stack\neiro-o__seuGrabber\index.php","命中字段/代码模式；未保存匹配行或具体值"
"03_仓库源码","cookie","01_same_stack\neiro-o__seuGrabber\README.md","命中字段/代码模式；未保存匹配行或具体值"
"03_仓库源码","cookie","01_same_stack\neiro-o__seuGrabber\static\js\cheat.js","命中字段/代码模式；未保存匹配行或具体值"
"03_仓库源码","cookie","01_same_stack\neiro-o__seuGrabber\static\js\cookie.js","命中字段/代码模式；未保存匹配行或具体值"
"03_仓库源码","cookie","01_same_stack\neiro-o__seuGrabber\static\js\semantic.min.js","命中字段/代码模式；未保存匹配行或具体值"
"03_仓库源码","cookie","01_same_stack\sa-y0nara__jnu-course-helper\JNU.user.js","命中字段/代码模式；未保存匹配行或具体值"
"03_仓库源码","cookie","01_same_stack\sa-y0nara__jnu-course-helper\README.md","命中字段/代码模式；未保存匹配行或具体值"
"03_仓库源码","cookie","01_same_stack\starwingcc__YNU-xk_spider\xk_spider\AutoLogin.py","命中字段/代码模式；未保存匹配行或具体值"
"03_仓库源码","cookie","01_same_stack\starwingcc__YNU-xk_spider\xk_spider\GetCourse.py","命中字段/代码模式；未保存匹配行或具体值"
"03_仓库源码","cookie","01_same_stack\starwingcc__YNU-xk_spider\xk_spider\run.py","命中字段/代码模式；未保存匹配行或具体值"
"03_仓库源码","cookie","01_same_stack\tonglinggejimo__Course-Monitor-Grabber\get_the_fxxk_class.py","命中字段/代码模式；未保存匹配行或具体值"
"03_仓库源码","cookie","01_same_stack\tonglinggejimo__Course-Monitor-Grabber\README.md","命中字段/代码模式；未保存匹配行或具体值"
"03_仓库源码","cookie","01_same_stack\Weeye-hua__SZU-Course-Help\app.py","命中字段/代码模式；未保存匹配行或具体值"
"03_仓库源码","cookie","01_same_stack\Weeye-hua__SZU-Course-Help\choose_course.py","命中字段/代码模式；未保存匹配行或具体值"
"03_仓库源码","cookie","01_same_stack\Weeye-hua__SZU-Course-Help\config.py","命中字段/代码模式；未保存匹配行或具体值"
"03_仓库源码","cookie","01_same_stack\Weeye-hua__SZU-Course-Help\CONTRIBUTING.md","命中字段/代码模式；未保存匹配行或具体值"
"03_仓库源码","cookie","01_same_stack\Weeye-hua__SZU-Course-Help\course_list.py","命中字段/代码模式；未保存匹配行或具体值"
"03_仓库源码","cookie","01_same_stack\Weeye-hua__SZU-Course-Help\docs\USER_GUIDE.md","命中字段/代码模式；未保存匹配行或具体值"
"03_仓库源码","cookie","01_same_stack\Weeye-hua__SZU-Course-Help\logic.py","命中字段/代码模式；未保存匹配行或具体值"
"03_仓库源码","cookie","01_same_stack\Weeye-hua__SZU-Course-Help\README.md","命中字段/代码模式；未保存匹配行或具体值"
"03_仓库源码","cookie","01_same_stack\Weeye-hua__SZU-Course-Help\scripts\generate_user_guide_pdf.py","命中字段/代码模式；未保存匹配行或具体值"
"03_仓库源码","cookie","01_same_stack\Weeye-hua__SZU-Course-Help\SECURITY.md","命中字段/代码模式；未保存匹配行或具体值"
"03_仓库源码","cookie","01_same_stack\Weeye-hua__SZU-Course-Help\services\auth_service.py","命中字段/代码模式；未保存匹配行或具体值"
"03_仓库源码","cookie","01_same_stack\Weeye-hua__SZU-Course-Help\services\course_service.py","命中字段/代码模式；未保存匹配行或具体值"
"03_仓库源码","cookie","01_same_stack\Weeye-hua__SZU-Course-Help\static_dist\login.js","命中字段/代码模式；未保存匹配行或具体值"
"03_仓库源码","cookie","01_same_stack\Weeye-hua__SZU-Course-Help\tests\test_api_safety.py","命中字段/代码模式；未保存匹配行或具体值"
"03_仓库源码","cookie","01_same_stack\Weeye-hua__SZU-Course-Help\tests\test_auth_logic.py","命中字段/代码模式；未保存匹配行或具体值"
"03_仓库源码","cookie","01_same_stack\Weeye-hua__SZU-Course-Help\tests\test_enrolled_and_progress.py","命中字段/代码模式；未保存匹配行或具体值"
"03_仓库源码","cookie","01_same_stack\Weeye-hua__SZU-Course-Help\tests\test_request_contract.py","命中字段/代码模式；未保存匹配行或具体值"
"03_仓库源码","cookie","01_same_stack\Weeye-hua__SZU-Course-Help\tests\ui_preview_server.py","命中字段/代码模式；未保存匹配行或具体值"
"03_仓库源码","cookie","01_same_stack\WenHe233__CUC-Courses\README.md","命中字段/代码模式；未保存匹配行或具体值"
"03_仓库源码","cookie","01_same_stack\WenHe233__CUC-Courses\xsxk.py","命中字段/代码模式；未保存匹配行或具体值"
"03_仓库源码","cookie","01_same_stack\xzzvsxd__szu_grab_course_for_yjs\apis.py","命中字段/代码模式；未保存匹配行或具体值"
"03_仓库源码","cookie","01_same_stack\YHalo-wyh__YNU-xk_spider-Pro\xk_spider\gui\ui.py","命中字段/代码模式；未保存匹配行或具体值"
"03_仓库源码","cookie","01_same_stack\YHalo-wyh__YNU-xk_spider-Pro\xk_spider\gui\workers.py","命中字段/代码模式；未保存匹配行或具体值"
"03_仓库源码","cookie","02_adjacent\another-le__xjtu-tools\manifest.json","命中字段/代码模式；未保存匹配行或具体值"
"03_仓库源码","cookie","02_adjacent\another-le__xjtu-tools\scripts\background.js","命中字段/代码模式；未保存匹配行或具体值"
"03_仓库源码","cookie","02_adjacent\another-le__xjtu-tools\scripts\exit.js","命中字段/代码模式；未保存匹配行或具体值"
"03_仓库源码","cookie","02_adjacent\Bocchi-Hero__xjtu-seat-monitor\auth_session.py","命中字段/代码模式；未保存匹配行或具体值"
"03_仓库源码","cookie","02_adjacent\Bocchi-Hero__xjtu-seat-monitor\docs\ARCHITECTURE.md","命中字段/代码模式；未保存匹配行或具体值"
"03_仓库源码","cookie","02_adjacent\Bocchi-Hero__xjtu-seat-monitor\docs\LAYOUT.md","命中字段/代码模式；未保存匹配行或具体值"
"03_仓库源码","cookie","02_adjacent\Bocchi-Hero__xjtu-seat-monitor\SECURITY.md","命中字段/代码模式；未保存匹配行或具体值"
"03_仓库源码","cookie","02_adjacent\cells114514__JNU-\.gitignore","命中字段/代码模式；未保存匹配行或具体值"
"03_仓库源码","cookie","02_adjacent\cells114514__JNU-\get_cookies.py","命中字段/代码模式；未保存匹配行或具体值"
"03_仓库源码","cookie","02_adjacent\cells114514__JNU-\jwxk.py","命中字段/代码模式；未保存匹配行或具体值"
"03_仓库源码","cookie","02_adjacent\cells114514__JNU-\query_course.py","命中字段/代码模式；未保存匹配行或具体值"
"03_仓库源码","cookie","02_adjacent\cells114514__JNU-\query_selected.py","命中字段/代码模式；未保存匹配行或具体值"
"03_仓库源码","cookie","02_adjacent\cells114514__JNU-\README.md","命中字段/代码模式；未保存匹配行或具体值"
"03_仓库源码","cookie","02_adjacent\Dytchem__Machine-Learning-with-Python\crawler\.ipynb_checkpoints\utility-checkpoint.ipynb","命中字段/代码模式；未保存匹配行或具体值"
"03_仓库源码","cookie","02_adjacent\Dytchem__Machine-Learning-with-Python\crawler\jwc\.ipynb_checkpoints\jwc-checkpoint.py","命中字段/代码模式；未保存匹配行或具体值"
"03_仓库源码","cookie","02_adjacent\Dytchem__Machine-Learning-with-Python\crawler\jwc\jwc.py","命中字段/代码模式；未保存匹配行或具体值"
"03_仓库源码","cookie","02_adjacent\Dytchem__Machine-Learning-with-Python\crawler\utility.ipynb","命中字段/代码模式；未保存匹配行或具体值"
"03_仓库源码","cookie","02_adjacent\Dytchem__Machine-Learning-with-Python\crawler\xkfw\xkfw.py","命中字段/代码模式；未保存匹配行或具体值"
"03_仓库源码","cookie","02_adjacent\fe1w0__DailyClock_XDU_version\utils.py","命中字段/代码模式；未保存匹配行或具体值"
"03_仓库源码","cookie","02_adjacent\HeraldStudio__herald-webservice\middleware\adapter\appserv.js","命中字段/代码模式；未保存匹配行或具体值"
"03_仓库源码","cookie","02_adjacent\HeraldStudio__herald-webservice\middleware\auth-provider\ids-3.js","命中字段/代码模式；未保存匹配行或具体值"
"03_仓库源码","cookie","02_adjacent\HeraldStudio__herald-webservice\middleware\auth-provider\ids-6.js","命中字段/代码模式；未保存匹配行或具体值"
"03_仓库源码","cookie","02_adjacent\HeraldStudio__herald-webservice\middleware\auth.js","命中字段/代码模式；未保存匹配行或具体值"
"03_仓库源码","cookie","02_adjacent\HeraldStudio__herald-webservice\middleware\axios.js","命中字段/代码模式；未保存匹配行或具体值"
"03_仓库源码","cookie","02_adjacent\HeraldStudio__herald-webservice\middleware\spider-server.js","命中字段/代码模式；未保存匹配行或具体值"
"03_仓库源码","cookie","02_adjacent\HeraldStudio__herald-webservice\package.json","命中字段/代码模式；未保存匹配行或具体值"
"03_仓库源码","cookie","02_adjacent\HeraldStudio__herald-webservice\README.md","命中字段/代码模式；未保存匹配行或具体值"
"03_仓库源码","cookie","02_adjacent\HeraldStudio__herald-webservice\routes\api\card.js","命中字段/代码模式；未保存匹配行或具体值"
"03_仓库源码","cookie","02_adjacent\HeraldStudio__herald-webservice\routes\api\course\index.js","命中字段/代码模式；未保存匹配行或具体值"
"03_仓库源码","cookie","02_adjacent\HeraldStudio__herald-webservice\routes\api\curriculum.js","命中字段/代码模式；未保存匹配行或具体值"
"03_仓库源码","cookie","02_adjacent\HeraldStudio__herald-webservice\routes\api\dorm.js","命中字段/代码模式；未保存匹配行或具体值"
"03_仓库源码","cookie","02_adjacent\HeraldStudio__herald-webservice\routes\api\exam.js","命中字段/代码模式；未保存匹配行或具体值"
"03_仓库源码","cookie","02_adjacent\HeraldStudio__herald-webservice\routes\api\gpa.js","命中字段/代码模式；未保存匹配行或具体值"
"03_仓库源码","cookie","02_adjacent\HeraldStudio__herald-webservice\routes\api\index.js","命中字段/代码模式；未保存匹配行或具体值"
"03_仓库源码","cookie","02_adjacent\HeraldStudio__herald-webservice\routes\api\library.js","命中字段/代码模式；未保存匹配行或具体值"
"03_仓库源码","cookie","02_adjacent\HeraldStudio__herald-webservice\routes\api\pe\index.js","命中字段/代码模式；未保存匹配行或具体值"
"03_仓库源码","cookie","02_adjacent\HeraldStudio__herald-webservice\routes\api\phylab.js","命中字段/代码模式；未保存匹配行或具体值"
"03_仓库源码","cookie","02_adjacent\HeraldStudio__herald-webservice\routes\api\reservation\index.js","命中字段/代码模式；未保存匹配行或具体值"
"03_仓库源码","cookie","02_adjacent\HeraldStudio__herald-webservice\routes\api\reservation\initOrder.js","命中字段/代码模式；未保存匹配行或具体值"
"03_仓库源码","cookie","02_adjacent\HeraldStudio__herald-webservice\routes\api\reservation\judgeUser.js","命中字段/代码模式；未保存匹配行或具体值"
"03_仓库源码","cookie","02_adjacent\HeraldStudio__herald-webservice\routes\api\reservation\user.js","命中字段/代码模式；未保存匹配行或具体值"
"03_仓库源码","cookie","02_adjacent\HeraldStudio__herald-webservice\routes\api\scholarship.js","命中字段/代码模式；未保存匹配行或具体值"
"03_仓库源码","cookie","02_adjacent\HeraldStudio__herald-webservice\routes\api\user.js","命中字段/代码模式；未保存匹配行或具体值"
"03_仓库源码","cookie","02_adjacent\Hz162__XJTU-Course-Genius\backend\internal\api\handlers.go","命中字段/代码模式；未保存匹配行或具体值"
"03_仓库源码","cookie","02_adjacent\Hz162__XJTU-Course-Genius\backend\internal\auth\login.go","命中字段/代码模式；未保存匹配行或具体值"
"03_仓库源码","cookie","02_adjacent\Hz162__XJTU-Course-Genius\backend\internal\course\selection.go","命中字段/代码模式；未保存匹配行或具体值"
"03_仓库源码","cookie","02_adjacent\Hz162__XJTU-Course-Genius\backend\internal\session\manager.go","命中字段/代码模式；未保存匹配行或具体值"
"03_仓库源码","cookie","02_adjacent\Hz162__XJTU-Course-Genius\backend\README.md","命中字段/代码模式；未保存匹配行或具体值"
"03_仓库源码","cookie","02_adjacent\Hz162__XJTU-Course-Genius\backend\web\iife.min.js","命中字段/代码模式；未保存匹配行或具体值"
"03_仓库源码","cookie","02_adjacent\Hz162__XJTU-Course-Genius\docs\CAS-LOGIN-GUIDE.md","命中字段/代码模式；未保存匹配行或具体值"
"03_仓库源码","cookie","02_adjacent\Hz162__XJTU-Course-Genius\README.md","命中字段/代码模式；未保存匹配行或具体值"
"03_仓库源码","cookie","02_adjacent\jimieguang__qiangke\main.py","命中字段/代码模式；未保存匹配行或具体值"
"03_仓库源码","cookie","02_adjacent\jimieguang__qiangke\README.md","命中字段/代码模式；未保存匹配行或具体值"
"03_仓库源码","cookie","02_adjacent\KrowFeather__Prism\Hexagon-spyder\service.py","命中字段/代码模式；未保存匹配行或具体值"
"03_仓库源码","cookie","02_adjacent\KW10-2__Gadgets\CoursePyGar\CoursePyGar.py","命中字段/代码模式；未保存匹配行或具体值"
"03_仓库源码","cookie","02_adjacent\KW10-2__Gadgets\CoursePyGar\README.md","命中字段/代码模式；未保存匹配行或具体值"
"03_仓库源码","cookie","02_adjacent\lvttt__xdu-course-helper\Readme.md","命中字段/代码模式；未保存匹配行或具体值"
"03_仓库源码","cookie","02_adjacent\lvttt__xdu-course-helper\src\App.vue","命中字段/代码模式；未保存匹配行或具体值"
"03_仓库源码","cookie","02_adjacent\lvttt__xdu-course-helper\src\background\index.js","命中字段/代码模式；未保存匹配行或具体值"
"03_仓库源码","cookie","02_adjacent\lvttt__xdu-course-helper\src\background\tasks\entrance.js","命中字段/代码模式；未保存匹配行或具体值"
"03_仓库源码","cookie","02_adjacent\lvttt__xdu-course-helper\src\background\tasks\vcode.js","命中字段/代码模式；未保存匹配行或具体值"
"03_仓库源码","cookie","02_adjacent\lvttt__xdu-course-helper\src\content\entries\early-hook.entry.js","命中字段/代码模式；未保存匹配行或具体值"
"03_仓库源码","cookie","02_adjacent\lvttt__xdu-course-helper\src\content\hooks\xhr.js","命中字段/代码模式；未保存匹配行或具体值"
"03_仓库源码","cookie","02_adjacent\lvttt__xdu-course-helper\src\shared\contract.js","命中字段/代码模式；未保存匹配行或具体值"
"03_仓库源码","cookie","02_adjacent\Othixx__xjtucourse\course_selection.py","命中字段/代码模式；未保存匹配行或具体值"
"03_仓库源码","cookie","02_adjacent\Othixx__xjtucourse\gui.py","命中字段/代码模式；未保存匹配行或具体值"
"03_仓库源码","cookie","02_adjacent\Othixx__xjtucourse\login.py","命中字段/代码模式；未保存匹配行或具体值"
"03_仓库源码","cookie","02_adjacent\RyanShaw3__MyScripts\Fuck-BITcourse\Fuck-BITcourse 1.0 beta.py","命中字段/代码模式；未保存匹配行或具体值"
"03_仓库源码","cookie","02_adjacent\RyanShaw3__MyScripts\Fuck-BITcourse\Fuck-BITcourse 1.1 beta.py","命中字段/代码模式；未保存匹配行或具体值"
"03_仓库源码","cookie","02_adjacent\RyanShaw3__MyScripts\Fuck-BITcourse\README.md","命中字段/代码模式；未保存匹配行或具体值"
"03_仓库源码","cookie","02_adjacent\RyanShaw3__MyScripts\LogonScript\bilibili_live.py","命中字段/代码模式；未保存匹配行或具体值"
"03_仓库源码","cookie","02_adjacent\RyanShaw3__MyScripts\LogonScript\hostloc.py","命中字段/代码模式；未保存匹配行或具体值"
"03_仓库源码","cookie","02_adjacent\RyanShaw3__MyScripts\LogonScript\kanxue.py","命中字段/代码模式；未保存匹配行或具体值"
"03_仓库源码","cookie","02_adjacent\treehey__AutoCaptcha\.gitignore","命中字段/代码模式；未保存匹配行或具体值"
"03_仓库源码","cookie","02_adjacent\treehey__AutoCaptcha\data\captcha-samples\README.md","命中字段/代码模式；未保存匹配行或具体值"
"03_仓库源码","cookie","02_adjacent\treehey__AutoCaptcha\docs\OCR_IMPROVEMENT_PLAN.md","命中字段/代码模式；未保存匹配行或具体值"
"03_仓库源码","cookie","02_adjacent\treehey__AutoCaptcha\scripts\collect-captcha-samples.ps1","命中字段/代码模式；未保存匹配行或具体值"
"03_仓库源码","cookie","02_adjacent\WheretoSleepinNJU__NJU-Class-Shedule-Flutter\api\tools\thuyjsjw.js","命中字段/代码模式；未保存匹配行或具体值"
"03_仓库源码","cookie","02_adjacent\WheretoSleepinNJU__NJU-Class-Shedule-Flutter\lib\Pages\Import\ImportFromBEView.dart","命中字段/代码模式；未保存匹配行或具体值"
"03_仓库源码","cookie","02_adjacent\WheretoSleepinNJU__NJU-Class-Shedule-Flutter\lib\Pages\Import\ImportFromCerView.dart","命中字段/代码模式；未保存匹配行或具体值"
"03_仓库源码","cookie","02_adjacent\WheretoSleepinNJU__NJU-Class-Shedule-Flutter\lib\Pages\Import\ImportFromJWPresenter.dart","命中字段/代码模式；未保存匹配行或具体值"
"03_仓库源码","cookie","02_adjacent\WheretoSleepinNJU__NJU-Class-Shedule-Flutter\lib\Pages\Import\ImportFromXKView.dart","命中字段/代码模式；未保存匹配行或具体值"
"03_仓库源码","cookie","02_adjacent\WheretoSleepinNJU__NJU-Class-Shedule-Flutter\lib\Utils\HttpUtil.dart","命中字段/代码模式；未保存匹配行或具体值"
"03_仓库源码","cookie","02_adjacent\xjtu-wang__XJTU-Toolbox\getchair_request.py","命中字段/代码模式；未保存匹配行或具体值"
"03_仓库源码","cookie","02_adjacent\xjtu-wang__XJTU-Toolbox\getcourse.py","命中字段/代码模式；未保存匹配行或具体值"
"03_仓库源码","cookie","02_adjacent\YDX-2147483647__BIT-enhanced\TamperMonkey\BIT-物理实验中心-下载日历.user.js","命中字段/代码模式；未保存匹配行或具体值"
"03_仓库源码","cookie","02_adjacent\yyngfive__new-course-system\courses.py","命中字段/代码模式；未保存匹配行或具体值"
"03_仓库源码","cookie","02_adjacent\yyngfive__new-course-system\README.md","命中字段/代码模式；未保存匹配行或具体值"
"03_仓库源码","cookie","02_adjacent\zly2006__xjtu-course\login.py","命中字段/代码模式；未保存匹配行或具体值"
"03_仓库源码","cookie","02_adjacent\zly2006__xjtu-login\Cargo.lock","命中字段/代码模式；未保存匹配行或具体值"
"03_仓库源码","cookie","02_adjacent\zly2006__xjtu-login\Cargo.toml","命中字段/代码模式；未保存匹配行或具体值"
"03_仓库源码","cookie","02_adjacent\zly2006__xjtu-login\log4rs.yaml","命中字段/代码模式；未保存匹配行或具体值"
"03_仓库源码","cookie","02_adjacent\zly2006__xjtu-login\src\login.rs","命中字段/代码模式；未保存匹配行或具体值"
"03_仓库源码","cookie","README.md","命中字段/代码模式；未保存匹配行或具体值"
"03_仓库源码","identifier","00_nnu_direct\ruysdv__auto-query-score-system\.env.example","命中字段/代码模式；未保存匹配行或具体值"
"03_仓库源码","identifier","00_nnu_direct\ruysdv__auto-query-score-system\README.md","命中字段/代码模式；未保存匹配行或具体值"
"03_仓库源码","identifier","00_nnu_direct\XingHeYuZhuan__shiguang_warehouse\resources\AHZYYGZ\AHZYYGZ.js","命中字段/代码模式；未保存匹配行或具体值"
"03_仓库源码","identifier","00_nnu_direct\XingHeYuZhuan__shiguang_warehouse\resources\chaoxing_jiaowu\chaoxing.js","命中字段/代码模式；未保存匹配行或具体值"
"03_仓库源码","identifier","00_nnu_direct\XingHeYuZhuan__shiguang_warehouse\resources\CUIT\cuit_bk_new.js","命中字段/代码模式；未保存匹配行或具体值"
"03_仓库源码","identifier","00_nnu_direct\XingHeYuZhuan__shiguang_warehouse\resources\GUC\school.js","命中字段/代码模式；未保存匹配行或具体值"
"03_仓库源码","identifier","00_nnu_direct\XingHeYuZhuan__shiguang_warehouse\resources\GUIT\guit_01.js","命中字段/代码模式；未保存匹配行或具体值"
"03_仓库源码","identifier","00_nnu_direct\XingHeYuZhuan__shiguang_warehouse\resources\SHUFEZJ\shufezj.js","命中字段/代码模式；未保存匹配行或具体值"
"03_仓库源码","identifier","00_nnu_direct\XingHeYuZhuan__shiguang_warehouse\resources\SXDZKJ\sxdzkj.js","命中字段/代码模式；未保存匹配行或具体值"
"03_仓库源码","identifier","00_nnu_direct\XingHeYuZhuan__shiguang_warehouse\resources\USTL\ustl.js","命中字段/代码模式；未保存匹配行或具体值"
"03_仓库源码","identifier","00_nnu_direct\XingHeYuZhuan__shiguang_warehouse\resources\WHUT\whut_01.js","命中字段/代码模式；未保存匹配行或具体值"
"03_仓库源码","identifier","00_nnu_direct\XingHeYuZhuan__shiguang_warehouse\resources\XYAFU\xyafu_01.js","命中字段/代码模式；未保存匹配行或具体值"
"03_仓库源码","identifier","00_nnu_direct\XingHeYuZhuan__shiguang_warehouse\resources\ZCMU\adapters.yaml","命中字段/代码模式；未保存匹配行或具体值"
"03_仓库源码","identifier","01_same_stack\ANDYWANGTIANTIAN__SZU_AutoCourseSelecter\v1\course_do.py","命中字段/代码模式；未保存匹配行或具体值"
"03_仓库源码","identifier","01_same_stack\ANDYWANGTIANTIAN__SZU_AutoCourseSelecter\v1\getCourse.py","命中字段/代码模式；未保存匹配行或具体值"
"03_仓库源码","identifier","01_same_stack\ANDYWANGTIANTIAN__SZU_AutoCourseSelecter\v1\gui.py","命中字段/代码模式；未保存匹配行或具体值"
"03_仓库源码","identifier","01_same_stack\AriaPokotengYe__SEU-NewSystem-catcher\crawl.py","命中字段/代码模式；未保存匹配行或具体值"
"03_仓库源码","identifier","01_same_stack\davidwushi1145__YNU-xk_spider_Refactoring\config.sample.json","命中字段/代码模式；未保存匹配行或具体值"
"03_仓库源码","identifier","01_same_stack\davidwushi1145__YNU-xk_spider_Refactoring\README.md","命中字段/代码模式；未保存匹配行或具体值"
"03_仓库源码","identifier","01_same_stack\davidwushi1145__YNU-xk_spider_Refactoring\src\ynu_xk_spider\domain\models.py","命中字段/代码模式；未保存匹配行或具体值"
"03_仓库源码","identifier","01_same_stack\davidwushi1145__YNU-xk_spider_Refactoring\src\ynu_xk_spider\http\endpoints.py","命中字段/代码模式；未保存匹配行或具体值"
"03_仓库源码","identifier","01_same_stack\GreenTeodoro839__NJU-xk-helper\config\xk.conf","命中字段/代码模式；未保存匹配行或具体值"
"03_仓库源码","identifier","01_same_stack\GreenTeodoro839__NJU-xk-helper\lib\common.py","命中字段/代码模式；未保存匹配行或具体值"
"03_仓库源码","identifier","01_same_stack\GreenTeodoro839__NJU-xk-helper\README.md","命中字段/代码模式；未保存匹配行或具体值"
"03_仓库源码","identifier","01_same_stack\GreenTeodoro839__NJU-xk-helper\tools\import_favorites.py","命中字段/代码模式；未保存匹配行或具体值"
"03_仓库源码","identifier","01_same_stack\GreenTeodoro839__NJU-xk-helper\tools\query_course_v2.py","命中字段/代码模式；未保存匹配行或具体值"
"03_仓库源码","identifier","01_same_stack\GreenTeodoro839__NJU-xk-helper\xk_favorites.py","命中字段/代码模式；未保存匹配行或具体值"
"03_仓库源码","identifier","01_same_stack\GreenTeodoro839__NJU-xk-helper\xk_quick.py","命中字段/代码模式；未保存匹配行或具体值"
"03_仓库源码","identifier","01_same_stack\GreenTeodoro839__NJU-xk-helper\xk.py","命中字段/代码模式；未保存匹配行或具体值"
"03_仓库源码","identifier","01_same_stack\GreenTeodoro839__NJUxklogin\njuxklogin\__init__.py","命中字段/代码模式；未保存匹配行或具体值"
"03_仓库源码","identifier","01_same_stack\GreenTeodoro839__NJUxklogin\njuxklogin\_authenticator.py","命中字段/代码模式；未保存匹配行或具体值"
"03_仓库源码","identifier","01_same_stack\GreenTeodoro839__NJUxklogin\README.md","命中字段/代码模式；未保存匹配行或具体值"
"03_仓库源码","identifier","01_same_stack\guiyi886__szu_grab_course\choose_course.py","命中字段/代码模式；未保存匹配行或具体值"
"03_仓库源码","identifier","01_same_stack\guiyi886__szu_grab_course\downloads.py","命中字段/代码模式；未保存匹配行或具体值"
"03_仓库源码","identifier","01_same_stack\guiyi886__szu_grab_course\README.md","命中字段/代码模式；未保存匹配行或具体值"
"03_仓库源码","identifier","01_same_stack\guiyi886__szu_grab_course\setting.py","命中字段/代码模式；未保存匹配行或具体值"
"03_仓库源码","identifier","01_same_stack\HansZ8__BIT-XK-WISEDU\Readme.md","命中字段/代码模式；未保存匹配行或具体值"
"03_仓库源码","identifier","01_same_stack\HansZ8__BIT-XK-WISEDU\xk.py","命中字段/代码模式；未保存匹配行或具体值"
"03_仓库源码","identifier","01_same_stack\Lewin671__YourLesson\choose_course.py","命中字段/代码模式；未保存匹配行或具体值"
"03_仓库源码","identifier","01_same_stack\Lewin671__YourLesson\downloads.py","命中字段/代码模式；未保存匹配行或具体值"
"03_仓库源码","identifier","01_same_stack\Lewin671__YourLesson\README.md","命中字段/代码模式；未保存匹配行或具体值"
"03_仓库源码","identifier","01_same_stack\Lewin671__YourLesson\setting.py","命中字段/代码模式；未保存匹配行或具体值"
"03_仓库源码","identifier","01_same_stack\MattDong123__tools4szu\gra-autocourse\autocourse.py","命中字段/代码模式；未保存匹配行或具体值"
"03_仓库源码","identifier","01_same_stack\MattDong123__tools4szu\venue-helper\README.md","命中字段/代码模式；未保存匹配行或具体值"
"03_仓库源码","identifier","01_same_stack\MattDong123__tools4szu\xxt_autosign\README.md","命中字段/代码模式；未保存匹配行或具体值"
"03_仓库源码","identifier","01_same_stack\MattDong123__tools4szu\xxt_autosign\xxt.py","命中字段/代码模式；未保存匹配行或具体值"
"03_仓库源码","identifier","01_same_stack\mbmcmzh__JNU_CourseSnatcher\jnu_snatcher\api.py","命中字段/代码模式；未保存匹配行或具体值"
"03_仓库源码","identifier","01_same_stack\mbmcmzh__JNU_CourseSnatcher\jnu_snatcher\credentials.py","命中字段/代码模式；未保存匹配行或具体值"
"03_仓库源码","identifier","01_same_stack\mbmcmzh__JNU_CourseSnatcher\jnu_snatcher\gui\main_window.py","命中字段/代码模式；未保存匹配行或具体值"
"03_仓库源码","identifier","01_same_stack\mbmcmzh__JNU_CourseSnatcher\main.py","命中字段/代码模式；未保存匹配行或具体值"
"03_仓库源码","identifier","01_same_stack\mbmcmzh__JNU_CourseSnatcher\README.md","命中字段/代码模式；未保存匹配行或具体值"
"03_仓库源码","identifier","01_same_stack\mbmcmzh__JNU_CourseSnatcher\tests\test_core.py","命中字段/代码模式；未保存匹配行或具体值"
"03_仓库源码","identifier","01_same_stack\Mr-enthalpy__NJU-auto-class-rush\login.py","命中字段/代码模式；未保存匹配行或具体值"
"03_仓库源码","identifier","01_same_stack\Mr-enthalpy__NJU-auto-class-rush\main.py","命中字段/代码模式；未保存匹配行或具体值"
"03_仓库源码","identifier","01_same_stack\Mr-enthalpy__NJU-auto-class-rush\select.py","命中字段/代码模式；未保存匹配行或具体值"
"03_仓库源码","identifier","01_same_stack\neiro-o__seuGrabber\api\退课接口.txt","命中字段/代码模式；未保存匹配行或具体值"
"03_仓库源码","identifier","01_same_stack\neiro-o__seuGrabber\api\cancelCourse.php","命中字段/代码模式；未保存匹配行或具体值"
"03_仓库源码","identifier","01_same_stack\neiro-o__seuGrabber\api\curlist.php","命中字段/代码模式；未保存匹配行或具体值"
"03_仓库源码","identifier","01_same_stack\neiro-o__seuGrabber\api\getCourse.php","命中字段/代码模式；未保存匹配行或具体值"
"03_仓库源码","identifier","01_same_stack\neiro-o__seuGrabber\api\selectCourse.php","命中字段/代码模式；未保存匹配行或具体值"
"03_仓库源码","identifier","01_same_stack\neiro-o__seuGrabber\api\selProgramCourse.php","命中字段/代码模式；未保存匹配行或具体值"
"03_仓库源码","identifier","01_same_stack\starwingcc__YNU-xk_spider\xk_spider\GetCourse.py","命中字段/代码模式；未保存匹配行或具体值"
"03_仓库源码","identifier","01_same_stack\starwingcc__YNU-xk_spider\xk_spider\run.py","命中字段/代码模式；未保存匹配行或具体值"
"03_仓库源码","identifier","01_same_stack\TheFunny233__NJUClassGrabber\grab.py","命中字段/代码模式；未保存匹配行或具体值"
"03_仓库源码","identifier","01_same_stack\TheFunny233__NJUClassGrabber\README.md","命中字段/代码模式；未保存匹配行或具体值"
"03_仓库源码","identifier","01_same_stack\tonglinggejimo__Course-Monitor-Grabber\course_monitor.py","命中字段/代码模式；未保存匹配行或具体值"
"03_仓库源码","identifier","01_same_stack\tonglinggejimo__Course-Monitor-Grabber\get_the_fxxk_class.py","命中字段/代码模式；未保存匹配行或具体值"
"03_仓库源码","identifier","01_same_stack\Weeye-hua__SZU-Course-Help\card_key.py","命中字段/代码模式；未保存匹配行或具体值"
"03_仓库源码","identifier","01_same_stack\Weeye-hua__SZU-Course-Help\choose_course.py","命中字段/代码模式；未保存匹配行或具体值"
"03_仓库源码","identifier","01_same_stack\Weeye-hua__SZU-Course-Help\course_list.py","命中字段/代码模式；未保存匹配行或具体值"
"03_仓库源码","identifier","01_same_stack\Weeye-hua__SZU-Course-Help\docs\RELEASE_NOTES.md","命中字段/代码模式；未保存匹配行或具体值"
"03_仓库源码","identifier","01_same_stack\Weeye-hua__SZU-Course-Help\docs\USER_GUIDE.md","命中字段/代码模式；未保存匹配行或具体值"
"03_仓库源码","identifier","01_same_stack\Weeye-hua__SZU-Course-Help\generate_card_key.py","命中字段/代码模式；未保存匹配行或具体值"
"03_仓库源码","identifier","01_same_stack\Weeye-hua__SZU-Course-Help\logic.py","命中字段/代码模式；未保存匹配行或具体值"
"03_仓库源码","identifier","01_same_stack\Weeye-hua__SZU-Course-Help\main.py","命中字段/代码模式；未保存匹配行或具体值"
"03_仓库源码","identifier","01_same_stack\Weeye-hua__SZU-Course-Help\README.md","命中字段/代码模式；未保存匹配行或具体值"
"03_仓库源码","identifier","01_same_stack\Weeye-hua__SZU-Course-Help\scripts\generate_user_guide_pdf.py","命中字段/代码模式；未保存匹配行或具体值"
"03_仓库源码","identifier","01_same_stack\Weeye-hua__SZU-Course-Help\SECURITY.md","命中字段/代码模式；未保存匹配行或具体值"
"03_仓库源码","identifier","01_same_stack\Weeye-hua__SZU-Course-Help\security\key_manager.py","命中字段/代码模式；未保存匹配行或具体值"
"03_仓库源码","identifier","01_same_stack\Weeye-hua__SZU-Course-Help\services\auth_service.py","命中字段/代码模式；未保存匹配行或具体值"
"03_仓库源码","identifier","01_same_stack\Weeye-hua__SZU-Course-Help\services\cart_service.py","命中字段/代码模式；未保存匹配行或具体值"
"03_仓库源码","identifier","01_same_stack\Weeye-hua__SZU-Course-Help\static_dist\course-app.js","命中字段/代码模式；未保存匹配行或具体值"
"03_仓库源码","identifier","01_same_stack\Weeye-hua__SZU-Course-Help\static_dist\index.html","命中字段/代码模式；未保存匹配行或具体值"
"03_仓库源码","identifier","01_same_stack\Weeye-hua__SZU-Course-Help\static_dist\login.html","命中字段/代码模式；未保存匹配行或具体值"
"03_仓库源码","identifier","01_same_stack\Weeye-hua__SZU-Course-Help\static_dist\login.js","命中字段/代码模式；未保存匹配行或具体值"
"03_仓库源码","identifier","01_same_stack\Weeye-hua__SZU-Course-Help\tests\test_key_manager.py","命中字段/代码模式；未保存匹配行或具体值"
"03_仓库源码","identifier","01_same_stack\Weeye-hua__SZU-Course-Help\tests\test_request_contract.py","命中字段/代码模式；未保存匹配行或具体值"
"03_仓库源码","identifier","01_same_stack\xzzvsxd__szu_grab_course_for_yjs\apis.py","命中字段/代码模式；未保存匹配行或具体值"
"03_仓库源码","identifier","01_same_stack\xzzvsxd__szu_grab_course_for_yjs\index.html","命中字段/代码模式；未保存匹配行或具体值"
"03_仓库源码","identifier","01_same_stack\xzzvsxd__szu_grab_course_for_yjs\main.py","命中字段/代码模式；未保存匹配行或具体值"
"03_仓库源码","identifier","01_same_stack\xzzvsxd__szu_grab_course_for_yjs\README.md","命中字段/代码模式；未保存匹配行或具体值"
"03_仓库源码","identifier","01_same_stack\YHalo-wyh__YNU-xk_spider-Pro\README.md","命中字段/代码模式；未保存匹配行或具体值"
"03_仓库源码","identifier","01_same_stack\YHalo-wyh__YNU-xk_spider-Pro\RELEASE_v2.0.0.md","命中字段/代码模式；未保存匹配行或具体值"
"03_仓库源码","identifier","01_same_stack\YHalo-wyh__YNU-xk_spider-Pro\RELEASE_v2.1.0.md","命中字段/代码模式；未保存匹配行或具体值"
"03_仓库源码","identifier","01_same_stack\YHalo-wyh__YNU-xk_spider-Pro\xk_spider\gui\ui.py","命中字段/代码模式；未保存匹配行或具体值"
"03_仓库源码","identifier","01_same_stack\YHalo-wyh__YNU-xk_spider-Pro\xk_spider\gui\workers.py","命中字段/代码模式；未保存匹配行或具体值"
"03_仓库源码","identifier","02_adjacent\another-le__xjtu-tools\scripts\watchCourse.js","命中字段/代码模式；未保存匹配行或具体值"
"03_仓库源码","identifier","02_adjacent\Bocchi-Hero__xjtu-seat-monitor\panel_service.py","命中字段/代码模式；未保存匹配行或具体值"
"03_仓库源码","identifier","02_adjacent\Bocchi-Hero__xjtu-seat-monitor\panel_static\index.html","命中字段/代码模式；未保存匹配行或具体值"
"03_仓库源码","identifier","02_adjacent\Bocchi-Hero__xjtu-seat-monitor\panel_static\panel.js","命中字段/代码模式；未保存匹配行或具体值"
"03_仓库源码","identifier","02_adjacent\Bocchi-Hero__xjtu-seat-monitor\README.md","命中字段/代码模式；未保存匹配行或具体值"
"03_仓库源码","identifier","02_adjacent\Bocchi-Hero__xjtu-seat-monitor\scripts\healthcheck.py","命中字段/代码模式；未保存匹配行或具体值"
"03_仓库源码","identifier","02_adjacent\Bocchi-Hero__xjtu-seat-monitor\scripts\list_courses.py","命中字段/代码模式；未保存匹配行或具体值"
"03_仓库源码","identifier","02_adjacent\BryanHeBY__NJU_NEW_EAS_GRABER\graber.js","命中字段/代码模式；未保存匹配行或具体值"
"03_仓库源码","identifier","02_adjacent\cells114514__JNU-\get_cookies.py","命中字段/代码模式；未保存匹配行或具体值"
"03_仓库源码","identifier","02_adjacent\cells114514__JNU-\jwxk.py","命中字段/代码模式；未保存匹配行或具体值"
"03_仓库源码","identifier","02_adjacent\cells114514__JNU-\query_course.py","命中字段/代码模式；未保存匹配行或具体值"
"03_仓库源码","identifier","02_adjacent\cells114514__JNU-\query_selected.py","命中字段/代码模式；未保存匹配行或具体值"
"03_仓库源码","identifier","02_adjacent\cells114514__JNU-\README.md","命中字段/代码模式；未保存匹配行或具体值"
"03_仓库源码","identifier","02_adjacent\Dytchem__Machine-Learning-with-Python\crawler\jwapp\.ipynb_checkpoints\jwapp-checkpoint.py","命中字段/代码模式；未保存匹配行或具体值"
"03_仓库源码","identifier","02_adjacent\Dytchem__Machine-Learning-with-Python\crawler\jwapp\jwapp.py","命中字段/代码模式；未保存匹配行或具体值"
"03_仓库源码","identifier","02_adjacent\Dytchem__Machine-Learning-with-Python\crawler\xkfw\xkfw.py","命中字段/代码模式；未保存匹配行或具体值"
"03_仓库源码","identifier","02_adjacent\HeraldStudio__herald-webservice\database\auth.js","命中字段/代码模式；未保存匹配行或具体值"
"03_仓库源码","identifier","02_adjacent\HeraldStudio__herald-webservice\database\course.js","命中字段/代码模式；未保存匹配行或具体值"
"03_仓库源码","identifier","02_adjacent\HeraldStudio__herald-webservice\database\publicity.js","命中字段/代码模式；未保存匹配行或具体值"
"03_仓库源码","identifier","02_adjacent\HeraldStudio__herald-webservice\middleware\adapter\ws2.js","命中字段/代码模式；未保存匹配行或具体值"
"03_仓库源码","identifier","02_adjacent\HeraldStudio__herald-webservice\middleware\auth-provider\ids-3.js","命中字段/代码模式；未保存匹配行或具体值"
"03_仓库源码","identifier","02_adjacent\HeraldStudio__herald-webservice\middleware\auth-provider\ids-6.js","命中字段/代码模式；未保存匹配行或具体值"
"03_仓库源码","identifier","02_adjacent\HeraldStudio__herald-webservice\middleware\auth.js","命中字段/代码模式；未保存匹配行或具体值"
"03_仓库源码","identifier","02_adjacent\HeraldStudio__herald-webservice\README.md","命中字段/代码模式；未保存匹配行或具体值"
"03_仓库源码","identifier","02_adjacent\HeraldStudio__herald-webservice\routes\api\course\index.js","命中字段/代码模式；未保存匹配行或具体值"
"03_仓库源码","identifier","02_adjacent\HeraldStudio__herald-webservice\routes\api\curriculum.js","命中字段/代码模式；未保存匹配行或具体值"
"03_仓库源码","identifier","02_adjacent\HeraldStudio__herald-webservice\routes\api\notice\index.js","命中字段/代码模式；未保存匹配行或具体值"
"03_仓库源码","identifier","02_adjacent\Hz162__XJTU-Course-Genius\backend\internal\api\handlers.go","命中字段/代码模式；未保存匹配行或具体值"
"03_仓库源码","identifier","02_adjacent\Hz162__XJTU-Course-Genius\backend\internal\auth\login.go","命中字段/代码模式；未保存匹配行或具体值"
"03_仓库源码","identifier","02_adjacent\Hz162__XJTU-Course-Genius\backend\internal\course\query.go","命中字段/代码模式；未保存匹配行或具体值"
"03_仓库源码","identifier","02_adjacent\Hz162__XJTU-Course-Genius\backend\internal\course\round.go","命中字段/代码模式；未保存匹配行或具体值"
"03_仓库源码","identifier","02_adjacent\Hz162__XJTU-Course-Genius\backend\internal\session\manager.go","命中字段/代码模式；未保存匹配行或具体值"
"03_仓库源码","identifier","02_adjacent\Hz162__XJTU-Course-Genius\backend\README.md","命中字段/代码模式；未保存匹配行或具体值"
"03_仓库源码","identifier","02_adjacent\jimieguang__qiangke\main.py","命中字段/代码模式；未保存匹配行或具体值"
"03_仓库源码","identifier","02_adjacent\KrowFeather__Prism\Hexagon-spyder\service.py","命中字段/代码模式；未保存匹配行或具体值"
"03_仓库源码","identifier","02_adjacent\KrowFeather__Prism\src\views\Login.vue","命中字段/代码模式；未保存匹配行或具体值"
"03_仓库源码","identifier","02_adjacent\KrowFeather__Prism\src\views\Settings.vue","命中字段/代码模式；未保存匹配行或具体值"
"03_仓库源码","identifier","02_adjacent\KW10-2__Gadgets\CoursePyGar\README.md","命中字段/代码模式；未保存匹配行或具体值"
"03_仓库源码","identifier","02_adjacent\Mellow-Winds__NJU-Hub\data\merged_ratings.json","命中字段/代码模式；未保存匹配行或具体值"
"03_仓库源码","identifier","02_adjacent\Mellow-Winds__NJU-Hub\docs\privacy.html","命中字段/代码模式；未保存匹配行或具体值"
"03_仓库源码","identifier","02_adjacent\Mellow-Winds__NJU-Hub\options\options.html","命中字段/代码模式；未保存匹配行或具体值"
"03_仓库源码","identifier","02_adjacent\Mellow-Winds__NJU-Hub\options\options.js","命中字段/代码模式；未保存匹配行或具体值"
"03_仓库源码","identifier","02_adjacent\Mellow-Winds__NJU-Hub\options\sections\general.html","命中字段/代码模式；未保存匹配行或具体值"
"03_仓库源码","identifier","02_adjacent\Mellow-Winds__NJU-Hub\options\sections\login.html","命中字段/代码模式；未保存匹配行或具体值"
"03_仓库源码","identifier","02_adjacent\Mellow-Winds__NJU-Hub\README.md","命中字段/代码模式；未保存匹配行或具体值"
"03_仓库源码","identifier","02_adjacent\Mellow-Winds__NJU-Hub\scripts\elite_gpa_viewer.js","命中字段/代码模式；未保存匹配行或具体值"
"03_仓库源码","identifier","02_adjacent\Mellow-Winds__NJU-Hub\scripts\pe_score_viewer\pe_score_fetcher.js","命中字段/代码模式；未保存匹配行或具体值"
"03_仓库源码","identifier","02_adjacent\Mellow-Winds__NJU-Hub\scripts\pe_score_viewer\pe_score_ui.js","命中字段/代码模式；未保存匹配行或具体值"
"03_仓库源码","identifier","02_adjacent\Mellow-Winds__NJU-Hub\scripts\xk_login_autofill.js","命中字段/代码模式；未保存匹配行或具体值"
"03_仓库源码","identifier","02_adjacent\Othixx__xjtucourse\config.yaml","命中字段/代码模式；未保存匹配行或具体值"
"03_仓库源码","identifier","02_adjacent\Othixx__xjtucourse\course_selection.py","命中字段/代码模式；未保存匹配行或具体值"
"03_仓库源码","identifier","02_adjacent\Othixx__xjtucourse\gui.py","命中字段/代码模式；未保存匹配行或具体值"
"03_仓库源码","identifier","02_adjacent\Othixx__xjtucourse\README.md","命中字段/代码模式；未保存匹配行或具体值"
"03_仓库源码","identifier","02_adjacent\RyanShaw3__MyScripts\Fuck-BITcourse\Fuck-BITcourse 1.0 beta.py","命中字段/代码模式；未保存匹配行或具体值"
"03_仓库源码","identifier","02_adjacent\RyanShaw3__MyScripts\Fuck-BITcourse\Fuck-BITcourse 1.1 beta.py","命中字段/代码模式；未保存匹配行或具体值"
"03_仓库源码","identifier","02_adjacent\RyanShaw3__MyScripts\Fuck-BITcourse\README.md","命中字段/代码模式；未保存匹配行或具体值"
"03_仓库源码","identifier","02_adjacent\RyanShaw3__MyScripts\Sudoku\任务说明书.md","命中字段/代码模式；未保存匹配行或具体值"
"03_仓库源码","identifier","02_adjacent\treehey__AutoCaptcha\content-grab.js","命中字段/代码模式；未保存匹配行或具体值"
"03_仓库源码","identifier","02_adjacent\treehey__AutoCaptcha\popup.html","命中字段/代码模式；未保存匹配行或具体值"
"03_仓库源码","identifier","02_adjacent\treehey__AutoCaptcha\PRIVACY.md","命中字段/代码模式；未保存匹配行或具体值"
"03_仓库源码","identifier","02_adjacent\treehey__AutoCaptcha\readme.md","命中字段/代码模式；未保存匹配行或具体值"
"03_仓库源码","identifier","02_adjacent\treehey__AutoCaptcha\STORE_DESCRIPTION.md","命中字段/代码模式；未保存匹配行或具体值"
"03_仓库源码","identifier","02_adjacent\xjtu-wang__XJTU-Toolbox\getcourse.py","命中字段/代码模式；未保存匹配行或具体值"
"03_仓库源码","identifier","02_adjacent\YDX-2147483647__BIT-enhanced\TamperMonkey\obsolete\BIT-青年大学习.user.js","命中字段/代码模式；未保存匹配行或具体值"
"03_仓库源码","identifier","02_adjacent\yyngfive__new-course-system\courses.py","命中字段/代码模式；未保存匹配行或具体值"
"03_仓库源码","identifier","02_adjacent\yyngfive__new-course-system\README.md","命中字段/代码模式；未保存匹配行或具体值"
"03_仓库源码","identifier","02_adjacent\zly2006__xjtu-login\src\course.rs","命中字段/代码模式；未保存匹配行或具体值"
"03_仓库源码","password","00_nnu_direct\guh0613__ehall-backend\docs\api.md","命中字段/代码模式；未保存匹配行或具体值"
"03_仓库源码","password","00_nnu_direct\guh0613__ehall-backend\handlers\login_handler.py","命中字段/代码模式；未保存匹配行或具体值"
"03_仓库源码","password","00_nnu_direct\guh0613__ehall-backend\models\login\cas_login_model.py","命中字段/代码模式；未保存匹配行或具体值"
"03_仓库源码","password","00_nnu_direct\guh0613__ehall-backend\services\cas_auth_service.py","命中字段/代码模式；未保存匹配行或具体值"
"03_仓库源码","password","00_nnu_direct\guh0613__ehall-backend\utils\request_utils.py","命中字段/代码模式；未保存匹配行或具体值"
"03_仓库源码","password","00_nnu_direct\imcuttle__njnu-quick-get-score\static\index.html","命中字段/代码模式；未保存匹配行或具体值"
"03_仓库源码","password","00_nnu_direct\imcuttle__njnu-quick-get-score\static\index.js","命中字段/代码模式；未保存匹配行或具体值"
"03_仓库源码","password","00_nnu_direct\ruysdv__auto-query-score-system\.env.example","命中字段/代码模式；未保存匹配行或具体值"
"03_仓库源码","password","00_nnu_direct\ruysdv__auto-query-score-system\login_script.py","命中字段/代码模式；未保存匹配行或具体值"
"03_仓库源码","password","00_nnu_direct\ruysdv__auto-query-score-system\README.md","命中字段/代码模式；未保存匹配行或具体值"
"03_仓库源码","password","00_nnu_direct\ruysdv__auto-query-score-system\selenium_login.py","命中字段/代码模式；未保存匹配行或具体值"
"03_仓库源码","password","00_nnu_direct\ruysdv__auto-query-score-system\test_env.py","命中字段/代码模式；未保存匹配行或具体值"
"03_仓库源码","password","00_nnu_direct\XingHeYuZhuan__shiguang_warehouse\resources\SDDFVC\adapters.yaml","命中字段/代码模式；未保存匹配行或具体值"
"03_仓库源码","password","00_nnu_direct\XingHeYuZhuan__shiguang_warehouse\resources\YNUFE\ynufe.js","命中字段/代码模式；未保存匹配行或具体值"
"03_仓库源码","password","01_same_stack\ANDYWANGTIANTIAN__SZU_AutoCourseSelecter\v1\encrypt.py","命中字段/代码模式；未保存匹配行或具体值"
"03_仓库源码","password","01_same_stack\ANDYWANGTIANTIAN__SZU_AutoCourseSelecter\v1\gui.py","命中字段/代码模式；未保存匹配行或具体值"
"03_仓库源码","password","01_same_stack\ANDYWANGTIANTIAN__SZU_AutoCourseSelecter\v1\login.py","命中字段/代码模式；未保存匹配行或具体值"
"03_仓库源码","password","01_same_stack\ANDYWANGTIANTIAN__SZU_AutoCourseSelecter\v2\SZU_AutoCourseSelecter\src\main.rs","命中字段/代码模式；未保存匹配行或具体值"
"03_仓库源码","password","01_same_stack\AriaPokotengYe__SEU-NewSystem-catcher\crawl.py","命中字段/代码模式；未保存匹配行或具体值"
"03_仓库源码","password","01_same_stack\chimaoshu__SZU_rush_for_lessons\README.md","命中字段/代码模式；未保存匹配行或具体值"
"03_仓库源码","password","01_same_stack\chimaoshu__SZU_rush_for_lessons\Spider.py","命中字段/代码模式；未保存匹配行或具体值"
"03_仓库源码","password","01_same_stack\davidwushi1145__YNU-xk_spider_Refactoring\config.sample.json","命中字段/代码模式；未保存匹配行或具体值"
"03_仓库源码","password","01_same_stack\davidwushi1145__YNU-xk_spider_Refactoring\README.md","命中字段/代码模式；未保存匹配行或具体值"
"03_仓库源码","password","01_same_stack\davidwushi1145__YNU-xk_spider_Refactoring\src\ynu_xk_spider\browser\manager.py","命中字段/代码模式；未保存匹配行或具体值"
"03_仓库源码","password","01_same_stack\davidwushi1145__YNU-xk_spider_Refactoring\src\ynu_xk_spider\config.py","命中字段/代码模式；未保存匹配行或具体值"
"03_仓库源码","password","01_same_stack\davidwushi1145__YNU-xk_spider_Refactoring\src\ynu_xk_spider\domain\services\login.py","命中字段/代码模式；未保存匹配行或具体值"
"03_仓库源码","password","01_same_stack\davidwushi1145__YNU-xk_spider_Refactoring\tests\test_browser_manager_options.py","命中字段/代码模式；未保存匹配行或具体值"
"03_仓库源码","password","01_same_stack\davidwushi1145__YNU-xk_spider_Refactoring\tests\test_config_courses.py","命中字段/代码模式；未保存匹配行或具体值"
"03_仓库源码","password","01_same_stack\davidwushi1145__YNU-xk_spider_Refactoring\tests\test_course_selector_async_notify.py","命中字段/代码模式；未保存匹配行或具体值"
"03_仓库源码","password","01_same_stack\davidwushi1145__YNU-xk_spider_Refactoring\tests\test_http_client_thread_local.py","命中字段/代码模式；未保存匹配行或具体值"
"03_仓库源码","password","01_same_stack\davidwushi1145__YNU-xk_spider_Refactoring\tests\test_login_service_batch_dialog.py","命中字段/代码模式；未保存匹配行或具体值"
"03_仓库源码","password","01_same_stack\davidwushi1145__YNU-xk_spider_Refactoring\tests\test_spider_resilience.py","命中字段/代码模式；未保存匹配行或具体值"
"03_仓库源码","password","01_same_stack\GreenTeodoro839__NJU-xk-helper\config\xk.conf","命中字段/代码模式；未保存匹配行或具体值"
"03_仓库源码","password","01_same_stack\GreenTeodoro839__NJU-xk-helper\lib\authenticator.py","命中字段/代码模式；未保存匹配行或具体值"
"03_仓库源码","password","01_same_stack\GreenTeodoro839__NJU-xk-helper\lib\des_encrypt.py","命中字段/代码模式；未保存匹配行或具体值"
"03_仓库源码","password","01_same_stack\GreenTeodoro839__NJU-xk-helper\README.md","命中字段/代码模式；未保存匹配行或具体值"
"03_仓库源码","password","01_same_stack\GreenTeodoro839__NJUxklogin\njuxklogin\__init__.py","命中字段/代码模式；未保存匹配行或具体值"
"03_仓库源码","password","01_same_stack\GreenTeodoro839__NJUxklogin\njuxklogin\_authenticator.py","命中字段/代码模式；未保存匹配行或具体值"
"03_仓库源码","password","01_same_stack\GreenTeodoro839__NJUxklogin\njuxklogin\_des_encrypt.py","命中字段/代码模式；未保存匹配行或具体值"
"03_仓库源码","password","01_same_stack\GreenTeodoro839__NJUxklogin\README.md","命中字段/代码模式；未保存匹配行或具体值"
"03_仓库源码","password","01_same_stack\HansZ8__BIT-XK-WISEDU\Readme.md","命中字段/代码模式；未保存匹配行或具体值"
"03_仓库源码","password","01_same_stack\HansZ8__BIT-XK-WISEDU\xk.py","命中字段/代码模式；未保存匹配行或具体值"
"03_仓库源码","password","01_same_stack\MattDong123__tools4szu\keepdrcom\keep_dom.py","命中字段/代码模式；未保存匹配行或具体值"
"03_仓库源码","password","01_same_stack\MattDong123__tools4szu\szu-dorm-helper\config.json","命中字段/代码模式；未保存匹配行或具体值"
"03_仓库源码","password","01_same_stack\MattDong123__tools4szu\szu-dorm-helper\README.md","命中字段/代码模式；未保存匹配行或具体值"
"03_仓库源码","password","01_same_stack\Mr-enthalpy__NJU-auto-class-rush\config.json","命中字段/代码模式；未保存匹配行或具体值"
"03_仓库源码","password","01_same_stack\Mr-enthalpy__NJU-auto-class-rush\des.py","命中字段/代码模式；未保存匹配行或具体值"
"03_仓库源码","password","01_same_stack\Mr-enthalpy__NJU-auto-class-rush\login.py","命中字段/代码模式；未保存匹配行或具体值"
"03_仓库源码","password","01_same_stack\Mr-enthalpy__NJU-auto-class-rush\main.py","命中字段/代码模式；未保存匹配行或具体值"
"03_仓库源码","password","01_same_stack\neiro-o__seuGrabber\static\css\login.css","命中字段/代码模式；未保存匹配行或具体值"
"03_仓库源码","password","01_same_stack\neiro-o__seuGrabber\static\css\semantic.min.css","命中字段/代码模式；未保存匹配行或具体值"
"03_仓库源码","password","01_same_stack\neiro-o__seuGrabber\static\js\jquery-1.7.2.min.js","命中字段/代码模式；未保存匹配行或具体值"
"03_仓库源码","password","01_same_stack\neiro-o__seuGrabber\static\js\jquery.min.js","命中字段/代码模式；未保存匹配行或具体值"
"03_仓库源码","password","01_same_stack\starwingcc__YNU-xk_spider\xk_spider\AutoLogin.py","命中字段/代码模式；未保存匹配行或具体值"
"03_仓库源码","password","01_same_stack\TheFunny233__NJUClassGrabber\grab.py","命中字段/代码模式；未保存匹配行或具体值"
"03_仓库源码","password","01_same_stack\TheFunny233__NJUClassGrabber\README.md","命中字段/代码模式；未保存匹配行或具体值"
"03_仓库源码","password","01_same_stack\tonglinggejimo__Course-Monitor-Grabber\course_monitor.py","命中字段/代码模式；未保存匹配行或具体值"
"03_仓库源码","password","01_same_stack\tonglinggejimo__Course-Monitor-Grabber\login_encrypt.js","命中字段/代码模式；未保存匹配行或具体值"
"03_仓库源码","password","01_same_stack\Weeye-hua__SZU-Course-Help\app.py","命中字段/代码模式；未保存匹配行或具体值"
"03_仓库源码","password","01_same_stack\Weeye-hua__SZU-Course-Help\config.py","命中字段/代码模式；未保存匹配行或具体值"
"03_仓库源码","password","01_same_stack\Weeye-hua__SZU-Course-Help\cus_base64.py","命中字段/代码模式；未保存匹配行或具体值"
"03_仓库源码","password","01_same_stack\Weeye-hua__SZU-Course-Help\desencode.py","命中字段/代码模式；未保存匹配行或具体值"
"03_仓库源码","password","01_same_stack\Weeye-hua__SZU-Course-Help\logic.py","命中字段/代码模式；未保存匹配行或具体值"
"03_仓库源码","password","01_same_stack\Weeye-hua__SZU-Course-Help\pyproject.toml","命中字段/代码模式；未保存匹配行或具体值"
"03_仓库源码","password","01_same_stack\Weeye-hua__SZU-Course-Help\README.md","命中字段/代码模式；未保存匹配行或具体值"
"03_仓库源码","password","01_same_stack\Weeye-hua__SZU-Course-Help\school_password.py","命中字段/代码模式；未保存匹配行或具体值"
"03_仓库源码","password","01_same_stack\Weeye-hua__SZU-Course-Help\school_session.py","命中字段/代码模式；未保存匹配行或具体值"
"03_仓库源码","password","01_same_stack\Weeye-hua__SZU-Course-Help\services\auth_service.py","命中字段/代码模式；未保存匹配行或具体值"
"03_仓库源码","password","01_same_stack\Weeye-hua__SZU-Course-Help\static_dist\login.html","命中字段/代码模式；未保存匹配行或具体值"
"03_仓库源码","password","01_same_stack\Weeye-hua__SZU-Course-Help\static_dist\login.js","命中字段/代码模式；未保存匹配行或具体值"
"03_仓库源码","password","01_same_stack\Weeye-hua__SZU-Course-Help\tests\test_api_safety.py","命中字段/代码模式；未保存匹配行或具体值"
"03_仓库源码","password","01_same_stack\Weeye-hua__SZU-Course-Help\tests\test_auth_logic.py","命中字段/代码模式；未保存匹配行或具体值"
"03_仓库源码","password","01_same_stack\Weeye-hua__SZU-Course-Help\tests\test_enrolled_and_progress.py","命中字段/代码模式；未保存匹配行或具体值"
"03_仓库源码","password","01_same_stack\Weeye-hua__SZU-Course-Help\tests\test_request_contract.py","命中字段/代码模式；未保存匹配行或具体值"
"03_仓库源码","password","01_same_stack\Weeye-hua__SZU-Course-Help\tests\test_static_assets.py","命中字段/代码模式；未保存匹配行或具体值"
"03_仓库源码","password","01_same_stack\WenHe233__CUC-Courses\LICENSE","命中字段/代码模式；未保存匹配行或具体值"
"03_仓库源码","password","01_same_stack\xzzvsxd__szu_grab_course_for_yjs\apis.py","命中字段/代码模式；未保存匹配行或具体值"
"03_仓库源码","password","01_same_stack\xzzvsxd__szu_grab_course_for_yjs\config.json","命中字段/代码模式；未保存匹配行或具体值"
"03_仓库源码","password","01_same_stack\xzzvsxd__szu_grab_course_for_yjs\index.html","命中字段/代码模式；未保存匹配行或具体值"
"03_仓库源码","password","01_same_stack\xzzvsxd__szu_grab_course_for_yjs\main.py","命中字段/代码模式；未保存匹配行或具体值"
"03_仓库源码","password","01_same_stack\xzzvsxd__szu_grab_course_for_yjs\README.md","命中字段/代码模式；未保存匹配行或具体值"
"03_仓库源码","password","01_same_stack\YHalo-wyh__YNU-xk_spider-Pro\xk_spider\gui\main.py","命中字段/代码模式；未保存匹配行或具体值"
"03_仓库源码","password","01_same_stack\YHalo-wyh__YNU-xk_spider-Pro\xk_spider\gui\ui.py","命中字段/代码模式；未保存匹配行或具体值"
"03_仓库源码","password","01_same_stack\YHalo-wyh__YNU-xk_spider-Pro\xk_spider\gui\workers.py","命中字段/代码模式；未保存匹配行或具体值"
"03_仓库源码","password","02_adjacent\Bocchi-Hero__xjtu-seat-monitor\auth_session.py","命中字段/代码模式；未保存匹配行或具体值"
"03_仓库源码","password","02_adjacent\Bocchi-Hero__xjtu-seat-monitor\CHANGELOG.md","命中字段/代码模式；未保存匹配行或具体值"
"03_仓库源码","password","02_adjacent\Bocchi-Hero__xjtu-seat-monitor\config.example.yaml","命中字段/代码模式；未保存匹配行或具体值"
"03_仓库源码","password","02_adjacent\Bocchi-Hero__xjtu-seat-monitor\mailer.py","命中字段/代码模式；未保存匹配行或具体值"
"03_仓库源码","password","02_adjacent\Bocchi-Hero__xjtu-seat-monitor\monitor.py","命中字段/代码模式；未保存匹配行或具体值"
"03_仓库源码","password","02_adjacent\Bocchi-Hero__xjtu-seat-monitor\panel_service.py","命中字段/代码模式；未保存匹配行或具体值"
"03_仓库源码","password","02_adjacent\Bocchi-Hero__xjtu-seat-monitor\panel_static\index.html","命中字段/代码模式；未保存匹配行或具体值"
"03_仓库源码","password","02_adjacent\Bocchi-Hero__xjtu-seat-monitor\panel_static\panel.js","命中字段/代码模式；未保存匹配行或具体值"
"03_仓库源码","password","02_adjacent\Bocchi-Hero__xjtu-seat-monitor\README.md","命中字段/代码模式；未保存匹配行或具体值"
"03_仓库源码","password","02_adjacent\Bocchi-Hero__xjtu-seat-monitor\scripts\healthcheck.py","命中字段/代码模式；未保存匹配行或具体值"
"03_仓库源码","password","02_adjacent\Bocchi-Hero__xjtu-seat-monitor\scripts\simulate_drop.py","命中字段/代码模式；未保存匹配行或具体值"
"03_仓库源码","password","02_adjacent\Bocchi-Hero__xjtu-seat-monitor\SECURITY.md","命中字段/代码模式；未保存匹配行或具体值"
"03_仓库源码","password","02_adjacent\Bocchi-Hero__xjtu-seat-monitor\tests\test_panel.py","命中字段/代码模式；未保存匹配行或具体值"
"03_仓库源码","password","02_adjacent\BryanHeBY__NJU_NEW_EAS_GRABER\graber_old_with_selenium.py","命中字段/代码模式；未保存匹配行或具体值"
"03_仓库源码","password","02_adjacent\cells114514__JNU-\get_cookies.py","命中字段/代码模式；未保存匹配行或具体值"
"03_仓库源码","password","02_adjacent\Dytchem__Machine-Learning-with-Python\crawler\xkfw\xkfw.py","命中字段/代码模式；未保存匹配行或具体值"
"03_仓库源码","password","02_adjacent\Dytchem__Machine-Learning-with-Python\tradition\ref1.ipynb","命中字段/代码模式；未保存匹配行或具体值"
"03_仓库源码","password","02_adjacent\fe1w0__DailyClock_XDU_version\clock.py","命中字段/代码模式；未保存匹配行或具体值"
"03_仓库源码","password","02_adjacent\fe1w0__DailyClock_XDU_version\config.py","命中字段/代码模式；未保存匹配行或具体值"
"03_仓库源码","password","02_adjacent\fe1w0__DailyClock_XDU_version\courseChoose.py","命中字段/代码模式；未保存匹配行或具体值"
"03_仓库源码","password","02_adjacent\fe1w0__DailyClock_XDU_version\courseQuery.py","命中字段/代码模式；未保存匹配行或具体值"
"03_仓库源码","password","02_adjacent\fe1w0__DailyClock_XDU_version\utils.py","命中字段/代码模式；未保存匹配行或具体值"
"03_仓库源码","password","02_adjacent\HeraldStudio__herald-webservice\database\auth.js","命中字段/代码模式；未保存匹配行或具体值"
"03_仓库源码","password","02_adjacent\HeraldStudio__herald-webservice\database\mongodb-secret.example.json","命中字段/代码模式；未保存匹配行或具体值"
"03_仓库源码","password","02_adjacent\HeraldStudio__herald-webservice\database\mongodb.js","命中字段/代码模式；未保存匹配行或具体值"
"03_仓库源码","password","02_adjacent\HeraldStudio__herald-webservice\middleware\adapter\ws2.js","命中字段/代码模式；未保存匹配行或具体值"
"03_仓库源码","password","02_adjacent\HeraldStudio__herald-webservice\middleware\adapter\wx-herald.js","命中字段/代码模式；未保存匹配行或具体值"
"03_仓库源码","password","02_adjacent\HeraldStudio__herald-webservice\middleware\auth-provider\graduate.js","命中字段/代码模式；未保存匹配行或具体值"
"03_仓库源码","password","02_adjacent\HeraldStudio__herald-webservice\middleware\auth-provider\ids-3.js","命中字段/代码模式；未保存匹配行或具体值"
"03_仓库源码","password","02_adjacent\HeraldStudio__herald-webservice\middleware\auth-provider\ids-6.js","命中字段/代码模式；未保存匹配行或具体值"
"03_仓库源码","password","02_adjacent\HeraldStudio__herald-webservice\middleware\auth-provider\ids-encrypt.js","命中字段/代码模式；未保存匹配行或具体值"
"03_仓库源码","password","02_adjacent\HeraldStudio__herald-webservice\middleware\auth.js","命中字段/代码模式；未保存匹配行或具体值"
"03_仓库源码","password","02_adjacent\HeraldStudio__herald-webservice\middleware\redis.js","命中字段/代码模式；未保存匹配行或具体值"
"03_仓库源码","password","02_adjacent\HeraldStudio__herald-webservice\middleware\related.js","命中字段/代码模式；未保存匹配行或具体值"
"03_仓库源码","password","02_adjacent\HeraldStudio__herald-webservice\README.md","命中字段/代码模式；未保存匹配行或具体值"
"03_仓库源码","password","02_adjacent\HeraldStudio__herald-webservice\repl.js","命中字段/代码模式；未保存匹配行或具体值"
"03_仓库源码","password","02_adjacent\HeraldStudio__herald-webservice\routes\api\admin\maintenance\redis.js","命中字段/代码模式；未保存匹配行或具体值"
"03_仓库源码","password","02_adjacent\HeraldStudio__herald-webservice\routes\api\card.js","命中字段/代码模式；未保存匹配行或具体值"
"03_仓库源码","password","02_adjacent\HeraldStudio__herald-webservice\routes\api\curriculum.js","命中字段/代码模式；未保存匹配行或具体值"
"03_仓库源码","password","02_adjacent\HeraldStudio__herald-webservice\routes\api\email.js","命中字段/代码模式；未保存匹配行或具体值"
"03_仓库源码","password","02_adjacent\HeraldStudio__herald-webservice\routes\api\index.js","命中字段/代码模式；未保存匹配行或具体值"
"03_仓库源码","password","02_adjacent\HeraldStudio__herald-webservice\routes\api\phylab.js","命中字段/代码模式；未保存匹配行或具体值"
"03_仓库源码","password","02_adjacent\HeraldStudio__herald-webservice\routes\api\srtp\competition.js","命中字段/代码模式；未保存匹配行或具体值"
"03_仓库源码","password","02_adjacent\HeraldStudio__herald-webservice\routes\api\wlan.js","命中字段/代码模式；未保存匹配行或具体值"
"03_仓库源码","password","02_adjacent\Hz162__XJTU-Course-Genius\backend\internal\api\handlers.go","命中字段/代码模式；未保存匹配行或具体值"
"03_仓库源码","password","02_adjacent\Hz162__XJTU-Course-Genius\backend\internal\auth\crypto.go","命中字段/代码模式；未保存匹配行或具体值"
"03_仓库源码","password","02_adjacent\Hz162__XJTU-Course-Genius\backend\internal\auth\login.go","命中字段/代码模式；未保存匹配行或具体值"
"03_仓库源码","password","02_adjacent\Hz162__XJTU-Course-Genius\backend\internal\session\manager.go","命中字段/代码模式；未保存匹配行或具体值"
"03_仓库源码","password","02_adjacent\Hz162__XJTU-Course-Genius\backend\README.md","命中字段/代码模式；未保存匹配行或具体值"
"03_仓库源码","password","02_adjacent\Hz162__XJTU-Course-Genius\docs\CAS-LOGIN-GUIDE.md","命中字段/代码模式；未保存匹配行或具体值"
"03_仓库源码","password","02_adjacent\Hz162__XJTU-Course-Genius\docs\superpowers\plans\2026-06-09-frontend-redesign.md","命中字段/代码模式；未保存匹配行或具体值"
"03_仓库源码","password","02_adjacent\Hz162__XJTU-Course-Genius\frontend\lib\pages\login_page.dart","命中字段/代码模式；未保存匹配行或具体值"
"03_仓库源码","password","02_adjacent\Hz162__XJTU-Course-Genius\frontend\lib\services\api_service.dart","命中字段/代码模式；未保存匹配行或具体值"
"03_仓库源码","password","02_adjacent\Hz162__XJTU-Course-Genius\frontend\README.md","命中字段/代码模式；未保存匹配行或具体值"
"03_仓库源码","password","02_adjacent\Hz162__XJTU-Course-Genius\RELEASE.md","命中字段/代码模式；未保存匹配行或具体值"
"03_仓库源码","password","02_adjacent\jimieguang__qiangke\main.py","命中字段/代码模式；未保存匹配行或具体值"
"03_仓库源码","password","02_adjacent\KrowFeather__Prism\Hexagon-spyder\const.py","命中字段/代码模式；未保存匹配行或具体值"
"03_仓库源码","password","02_adjacent\KrowFeather__Prism\Hexagon-spyder\main.py","命中字段/代码模式；未保存匹配行或具体值"
"03_仓库源码","password","02_adjacent\KrowFeather__Prism\Hexagon-spyder\service.py","命中字段/代码模式；未保存匹配行或具体值"
"03_仓库源码","password","02_adjacent\KrowFeather__Prism\pnpm-lock.yaml","命中字段/代码模式；未保存匹配行或具体值"
"03_仓库源码","password","02_adjacent\KrowFeather__Prism\src\App.vue","命中字段/代码模式；未保存匹配行或具体值"
"03_仓库源码","password","02_adjacent\KrowFeather__Prism\src\composables\useAccounts.ts","命中字段/代码模式；未保存匹配行或具体值"
"03_仓库源码","password","02_adjacent\KrowFeather__Prism\src\composables\useConnectionStatus.ts","命中字段/代码模式；未保存匹配行或具体值"
"03_仓库源码","password","02_adjacent\KrowFeather__Prism\src\views\Browse.vue","命中字段/代码模式；未保存匹配行或具体值"
"03_仓库源码","password","02_adjacent\KrowFeather__Prism\src\views\Login.vue","命中字段/代码模式；未保存匹配行或具体值"
"03_仓库源码","password","02_adjacent\KrowFeather__Prism\src\views\SelectClass.vue","命中字段/代码模式；未保存匹配行或具体值"
"03_仓库源码","password","02_adjacent\KrowFeather__Prism\src\views\SelectedCourses.vue","命中字段/代码模式；未保存匹配行或具体值"
"03_仓库源码","password","02_adjacent\KrowFeather__Prism\src\views\Settings.vue","命中字段/代码模式；未保存匹配行或具体值"
"03_仓库源码","password","02_adjacent\lvttt__xdu-course-helper\src\background\tasks\diagnostics.js","命中字段/代码模式；未保存匹配行或具体值"
"03_仓库源码","password","02_adjacent\lvttt__xdu-course-helper\src\background\tasks\login.js","命中字段/代码模式；未保存匹配行或具体值"
"03_仓库源码","password","02_adjacent\lvttt__xdu-course-helper\src\content\features\course-collection.js","命中字段/代码模式；未保存匹配行或具体值"
"03_仓库源码","password","02_adjacent\lvttt__xdu-course-helper\src\content\hooks\xhr.js","命中字段/代码模式；未保存匹配行或具体值"
"03_仓库源码","password","02_adjacent\Mellow-Winds__NJU-Hub\libs\ort-wasm\ort-wasm-simd-threaded.mjs","命中字段/代码模式；未保存匹配行或具体值"
"03_仓库源码","password","02_adjacent\Mellow-Winds__NJU-Hub\libs\ort-wasm\ort.wasm.bundle.min.mjs","命中字段/代码模式；未保存匹配行或具体值"
"03_仓库源码","password","02_adjacent\Mellow-Winds__NJU-Hub\libs\xlsx.full.min.js","命中字段/代码模式；未保存匹配行或具体值"
"03_仓库源码","password","02_adjacent\Mellow-Winds__NJU-Hub\options\options.css","命中字段/代码模式；未保存匹配行或具体值"
"03_仓库源码","password","02_adjacent\Mellow-Winds__NJU-Hub\options\options.html","命中字段/代码模式；未保存匹配行或具体值"
"03_仓库源码","password","02_adjacent\Mellow-Winds__NJU-Hub\options\options.js","命中字段/代码模式；未保存匹配行或具体值"
"03_仓库源码","password","02_adjacent\Mellow-Winds__NJU-Hub\options\sections\course.html","命中字段/代码模式；未保存匹配行或具体值"
"03_仓库源码","password","02_adjacent\Mellow-Winds__NJU-Hub\options\sections\general.html","命中字段/代码模式；未保存匹配行或具体值"
"03_仓库源码","password","02_adjacent\Mellow-Winds__NJU-Hub\scripts\auth_auto_login.js","命中字段/代码模式；未保存匹配行或具体值"
"03_仓库源码","password","02_adjacent\Mellow-Winds__NJU-Hub\scripts\xk_login_autofill.js","命中字段/代码模式；未保存匹配行或具体值"
"03_仓库源码","password","02_adjacent\Othixx__xjtucourse\config.yaml","命中字段/代码模式；未保存匹配行或具体值"
"03_仓库源码","password","02_adjacent\Othixx__xjtucourse\gui.py","命中字段/代码模式；未保存匹配行或具体值"
"03_仓库源码","password","02_adjacent\Othixx__xjtucourse\login.py","命中字段/代码模式；未保存匹配行或具体值"
"03_仓库源码","password","02_adjacent\Othixx__xjtucourse\README.md","命中字段/代码模式；未保存匹配行或具体值"
"03_仓库源码","password","02_adjacent\RyanShaw3__MyScripts\JShell\.gitignore","命中字段/代码模式；未保存匹配行或具体值"
"03_仓库源码","password","02_adjacent\RyanShaw3__MyScripts\JShell\commands.cpp","命中字段/代码模式；未保存匹配行或具体值"
"03_仓库源码","password","02_adjacent\RyanShaw3__MyScripts\JShell\commands.h","命中字段/代码模式；未保存匹配行或具体值"
"03_仓库源码","password","02_adjacent\RyanShaw3__MyScripts\JShell\data.cpp","命中字段/代码模式；未保存匹配行或具体值"
"03_仓库源码","password","02_adjacent\RyanShaw3__MyScripts\JShell\data.h","命中字段/代码模式；未保存匹配行或具体值"
"03_仓库源码","password","02_adjacent\RyanShaw3__MyScripts\JShell\ls.cpp","命中字段/代码模式；未保存匹配行或具体值"
"03_仓库源码","password","02_adjacent\RyanShaw3__MyScripts\JShell\ls.h","命中字段/代码模式；未保存匹配行或具体值"
"03_仓库源码","password","02_adjacent\RyanShaw3__MyScripts\JShell\prompt.h","命中字段/代码模式；未保存匹配行或具体值"
"03_仓库源码","password","02_adjacent\RyanShaw3__MyScripts\LogonScript\hostloc.py","命中字段/代码模式；未保存匹配行或具体值"
"03_仓库源码","password","02_adjacent\treehey__AutoCaptcha\CHANGELOG.md","命中字段/代码模式；未保存匹配行或具体值"
"03_仓库源码","password","02_adjacent\treehey__AutoCaptcha\content-grab.js","命中字段/代码模式；未保存匹配行或具体值"
"03_仓库源码","password","02_adjacent\treehey__AutoCaptcha\content.js","命中字段/代码模式；未保存匹配行或具体值"
"03_仓库源码","password","02_adjacent\treehey__AutoCaptcha\data\click-captcha-exports\nju-click-captcha-samples-2026-07-19T13-40-12-156Z.json","命中字段/代码模式；未保存匹配行或具体值"
"03_仓库源码","password","02_adjacent\treehey__AutoCaptcha\data\click-captcha-exports\nju-click-captcha-samples-2026-07-19T15-34-48-362Z.json","命中字段/代码模式；未保存匹配行或具体值"
"03_仓库源码","password","02_adjacent\treehey__AutoCaptcha\data\click-captcha-exports\nju-click-captcha-samples-2026-07-19T15-39-15-093Z.json","命中字段/代码模式；未保存匹配行或具体值"
"03_仓库源码","password","02_adjacent\treehey__AutoCaptcha\data\click-captcha-exports\nju-click-captcha-samples-2026-07-19T16-40-25-835Z.json","命中字段/代码模式；未保存匹配行或具体值"
"03_仓库源码","password","02_adjacent\treehey__AutoCaptcha\data\click-captcha-exports\nju-click-captcha-samples-2026-07-19T16-43-50-283Z.json","命中字段/代码模式；未保存匹配行或具体值"
"03_仓库源码","password","02_adjacent\treehey__AutoCaptcha\data\click-captcha-exports\nju-click-captcha-samples-2026-07-19T16-48-07-430Z.json","命中字段/代码模式；未保存匹配行或具体值"
"03_仓库源码","password","02_adjacent\treehey__AutoCaptcha\data\click-captcha-exports\nju-click-captcha-samples-2026-07-19T16-51-15-217Z.json","命中字段/代码模式；未保存匹配行或具体值"
"03_仓库源码","password","02_adjacent\treehey__AutoCaptcha\data\click-captcha-exports\nju-click-captcha-samples-2026-07-19T16-56-32-041Z.json","命中字段/代码模式；未保存匹配行或具体值"
"03_仓库源码","password","02_adjacent\treehey__AutoCaptcha\data\click-captcha-exports\nju-click-captcha-samples-2026-07-19T16-59-49-914Z.json","命中字段/代码模式；未保存匹配行或具体值"
"03_仓库源码","password","02_adjacent\treehey__AutoCaptcha\data\click-captcha-exports\nju-click-captcha-samples-2026-07-19T17-03-06-962Z.json","命中字段/代码模式；未保存匹配行或具体值"
"03_仓库源码","password","02_adjacent\treehey__AutoCaptcha\data\click-captcha-samples\round-001\metadata.json","命中字段/代码模式；未保存匹配行或具体值"
"03_仓库源码","password","02_adjacent\treehey__AutoCaptcha\data\click-captcha-samples\round-001\source-export.json","命中字段/代码模式；未保存匹配行或具体值"
"03_仓库源码","password","02_adjacent\treehey__AutoCaptcha\data\click-captcha-samples\round-002\metadata.json","命中字段/代码模式；未保存匹配行或具体值"
"03_仓库源码","password","02_adjacent\treehey__AutoCaptcha\data\click-captcha-samples\round-002\source-export.json","命中字段/代码模式；未保存匹配行或具体值"
"03_仓库源码","password","02_adjacent\treehey__AutoCaptcha\data\click-captcha-samples\round-003\metadata.json","命中字段/代码模式；未保存匹配行或具体值"
"03_仓库源码","password","02_adjacent\treehey__AutoCaptcha\data\click-captcha-samples\round-003\source-export.json","命中字段/代码模式；未保存匹配行或具体值"
"03_仓库源码","password","02_adjacent\treehey__AutoCaptcha\data\click-captcha-samples\round-004\metadata.json","命中字段/代码模式；未保存匹配行或具体值"
"03_仓库源码","password","02_adjacent\treehey__AutoCaptcha\data\click-captcha-samples\round-004\source-export.json","命中字段/代码模式；未保存匹配行或具体值"
"03_仓库源码","password","02_adjacent\treehey__AutoCaptcha\data\click-captcha-samples\round-005\metadata.json","命中字段/代码模式；未保存匹配行或具体值"
"03_仓库源码","password","02_adjacent\treehey__AutoCaptcha\data\click-captcha-samples\round-005\source-export.json","命中字段/代码模式；未保存匹配行或具体值"
"03_仓库源码","password","02_adjacent\treehey__AutoCaptcha\data\click-captcha-samples\round-006\metadata.json","命中字段/代码模式；未保存匹配行或具体值"
"03_仓库源码","password","02_adjacent\treehey__AutoCaptcha\data\click-captcha-samples\round-006\source-export.json","命中字段/代码模式；未保存匹配行或具体值"
"03_仓库源码","password","02_adjacent\treehey__AutoCaptcha\data\click-captcha-samples\round-007\metadata.json","命中字段/代码模式；未保存匹配行或具体值"
"03_仓库源码","password","02_adjacent\treehey__AutoCaptcha\data\click-captcha-samples\round-007\source-export.json","命中字段/代码模式；未保存匹配行或具体值"
"03_仓库源码","password","02_adjacent\treehey__AutoCaptcha\data\click-captcha-samples\round-008\metadata.json","命中字段/代码模式；未保存匹配行或具体值"
"03_仓库源码","password","02_adjacent\treehey__AutoCaptcha\data\click-captcha-samples\round-008\source-export.json","命中字段/代码模式；未保存匹配行或具体值"
"03_仓库源码","password","02_adjacent\treehey__AutoCaptcha\data\click-captcha-samples\round-009\metadata.json","命中字段/代码模式；未保存匹配行或具体值"
"03_仓库源码","password","02_adjacent\treehey__AutoCaptcha\data\click-captcha-samples\round-009\source-export.json","命中字段/代码模式；未保存匹配行或具体值"
"03_仓库源码","password","02_adjacent\treehey__AutoCaptcha\data\click-captcha-samples\round-010\metadata.json","命中字段/代码模式；未保存匹配行或具体值"
"03_仓库源码","password","02_adjacent\treehey__AutoCaptcha\data\click-captcha-samples\round-010\source-export.json","命中字段/代码模式；未保存匹配行或具体值"
"03_仓库源码","password","02_adjacent\treehey__AutoCaptcha\data\click-captcha-samples\round-011\metadata.json","命中字段/代码模式；未保存匹配行或具体值"
"03_仓库源码","password","02_adjacent\treehey__AutoCaptcha\data\click-captcha-samples\round-011\source-export.json","命中字段/代码模式；未保存匹配行或具体值"
"03_仓库源码","password","02_adjacent\treehey__AutoCaptcha\data\click-captcha-samples\round-012\metadata.json","命中字段/代码模式；未保存匹配行或具体值"
"03_仓库源码","password","02_adjacent\treehey__AutoCaptcha\data\click-captcha-samples\round-012\source-export.json","命中字段/代码模式；未保存匹配行或具体值"
"03_仓库源码","password","02_adjacent\treehey__AutoCaptcha\data\click-captcha-samples\round-013\metadata.json","命中字段/代码模式；未保存匹配行或具体值"
"03_仓库源码","password","02_adjacent\treehey__AutoCaptcha\data\click-captcha-samples\round-013\source-export.json","命中字段/代码模式；未保存匹配行或具体值"
"03_仓库源码","password","02_adjacent\treehey__AutoCaptcha\data\click-captcha-samples\round-014\metadata.json","命中字段/代码模式；未保存匹配行或具体值"
"03_仓库源码","password","02_adjacent\treehey__AutoCaptcha\data\click-captcha-samples\round-014\source-export.json","命中字段/代码模式；未保存匹配行或具体值"
"03_仓库源码","password","02_adjacent\treehey__AutoCaptcha\data\click-captcha-samples\round-015\metadata.json","命中字段/代码模式；未保存匹配行或具体值"
"03_仓库源码","password","02_adjacent\treehey__AutoCaptcha\data\click-captcha-samples\round-015\source-export.json","命中字段/代码模式；未保存匹配行或具体值"
"03_仓库源码","password","02_adjacent\treehey__AutoCaptcha\data\click-captcha-samples\round-016\metadata.json","命中字段/代码模式；未保存匹配行或具体值"
"03_仓库源码","password","02_adjacent\treehey__AutoCaptcha\data\click-captcha-samples\round-016\source-export.json","命中字段/代码模式；未保存匹配行或具体值"
"03_仓库源码","password","02_adjacent\treehey__AutoCaptcha\data\click-captcha-samples\round-017\metadata.json","命中字段/代码模式；未保存匹配行或具体值"
"03_仓库源码","password","02_adjacent\treehey__AutoCaptcha\data\click-captcha-samples\round-017\source-export.json","命中字段/代码模式；未保存匹配行或具体值"
"03_仓库源码","password","02_adjacent\treehey__AutoCaptcha\data\click-captcha-samples\round-018\metadata.json","命中字段/代码模式；未保存匹配行或具体值"
"03_仓库源码","password","02_adjacent\treehey__AutoCaptcha\data\click-captcha-samples\round-018\source-export.json","命中字段/代码模式；未保存匹配行或具体值"
"03_仓库源码","password","02_adjacent\treehey__AutoCaptcha\data\click-captcha-samples\round-019\metadata.json","命中字段/代码模式；未保存匹配行或具体值"
"03_仓库源码","password","02_adjacent\treehey__AutoCaptcha\data\click-captcha-samples\round-019\source-export.json","命中字段/代码模式；未保存匹配行或具体值"
"03_仓库源码","password","02_adjacent\treehey__AutoCaptcha\data\click-captcha-samples\round-020\metadata.json","命中字段/代码模式；未保存匹配行或具体值"
"03_仓库源码","password","02_adjacent\treehey__AutoCaptcha\data\click-captcha-samples\round-020\source-export.json","命中字段/代码模式；未保存匹配行或具体值"
"03_仓库源码","password","02_adjacent\treehey__AutoCaptcha\docs\CLICK_CAPTCHA_WORKPLAN.md","命中字段/代码模式；未保存匹配行或具体值"
"03_仓库源码","password","02_adjacent\treehey__AutoCaptcha\langs\tesseract-core.wasm.js","命中字段/代码模式；未保存匹配行或具体值"
"03_仓库源码","password","02_adjacent\treehey__AutoCaptcha\popup.html","命中字段/代码模式；未保存匹配行或具体值"
"03_仓库源码","password","02_adjacent\treehey__AutoCaptcha\popup.js","命中字段/代码模式；未保存匹配行或具体值"
"03_仓库源码","password","02_adjacent\treehey__AutoCaptcha\scripts\verify-auth-login-fast-path.mjs","命中字段/代码模式；未保存匹配行或具体值"
"03_仓库源码","password","02_adjacent\treehey__AutoCaptcha\scripts\verify-auth-slider-captcha.mjs","命中字段/代码模式；未保存匹配行或具体值"
"03_仓库源码","password","02_adjacent\treehey__AutoCaptcha\vendor\onnxruntime\ort-wasm-simd-threaded.mjs","命中字段/代码模式；未保存匹配行或具体值"
"03_仓库源码","password","02_adjacent\treehey__AutoCaptcha\vendor\onnxruntime\ort.wasm.bundle.min.js","命中字段/代码模式；未保存匹配行或具体值"
"03_仓库源码","password","02_adjacent\WheretoSleepinNJU__NJU-Class-Shedule-Flutter\android\app\build.gradle","命中字段/代码模式；未保存匹配行或具体值"
"03_仓库源码","password","02_adjacent\WheretoSleepinNJU__NJU-Class-Shedule-Flutter\lib\generated\intl\messages_en.dart","命中字段/代码模式；未保存匹配行或具体值"
"03_仓库源码","password","02_adjacent\WheretoSleepinNJU__NJU-Class-Shedule-Flutter\lib\generated\intl\messages_zh_CN.dart","命中字段/代码模式；未保存匹配行或具体值"
"03_仓库源码","password","02_adjacent\WheretoSleepinNJU__NJU-Class-Shedule-Flutter\lib\generated\l10n.dart","命中字段/代码模式；未保存匹配行或具体值"
"03_仓库源码","password","02_adjacent\WheretoSleepinNJU__NJU-Class-Shedule-Flutter\lib\l10n\intl_en.arb","命中字段/代码模式；未保存匹配行或具体值"
"03_仓库源码","password","02_adjacent\WheretoSleepinNJU__NJU-Class-Shedule-Flutter\lib\l10n\intl_zh_CN.arb","命中字段/代码模式；未保存匹配行或具体值"
"03_仓库源码","password","02_adjacent\WheretoSleepinNJU__NJU-Class-Shedule-Flutter\lib\Pages\Import\ImportFromJWPresenter.dart","命中字段/代码模式；未保存匹配行或具体值"
"03_仓库源码","password","02_adjacent\WheretoSleepinNJU__NJU-Class-Shedule-Flutter\lib\Pages\Import\ImportFromJWView.dart","命中字段/代码模式；未保存匹配行或具体值"
"03_仓库源码","password","02_adjacent\WheretoSleepinNJU__NJU-Class-Shedule-Flutter\lib\Resources\Constant.dart","命中字段/代码模式；未保存匹配行或具体值"
"03_仓库源码","password","02_adjacent\WheretoSleepinNJU__NJU-Class-Shedule-Flutter\ohos\build-profile.json5","命中字段/代码模式；未保存匹配行或具体值"
"03_仓库源码","password","02_adjacent\WheretoSleepinNJU__NJU-Class-Shedule-Flutter\tool\setup_ohos_env.sh","命中字段/代码模式；未保存匹配行或具体值"
"03_仓库源码","password","02_adjacent\WheretoSleepinNJU__NJU-Class-Shedule-Flutter\tool\switch_flutter_env.sh","命中字段/代码模式；未保存匹配行或具体值"
"03_仓库源码","password","02_adjacent\xjtu-wang__XJTU-Toolbox\config\assess_config.json","命中字段/代码模式；未保存匹配行或具体值"
"03_仓库源码","password","02_adjacent\xjtu-wang__XJTU-Toolbox\config\chair_config.json","命中字段/代码模式；未保存匹配行或具体值"
"03_仓库源码","password","02_adjacent\xjtu-wang__XJTU-Toolbox\config\course_config.json","命中字段/代码模式；未保存匹配行或具体值"
"03_仓库源码","password","02_adjacent\xjtu-wang__XJTU-Toolbox\getassess.py","命中字段/代码模式；未保存匹配行或具体值"
"03_仓库源码","password","02_adjacent\xjtu-wang__XJTU-Toolbox\getchair_request.py","命中字段/代码模式；未保存匹配行或具体值"
"03_仓库源码","password","02_adjacent\xjtu-wang__XJTU-Toolbox\getchair.py","命中字段/代码模式；未保存匹配行或具体值"
"03_仓库源码","password","02_adjacent\xjtu-wang__XJTU-Toolbox\getcourse.py","命中字段/代码模式；未保存匹配行或具体值"
"03_仓库源码","password","02_adjacent\YDX-2147483647__BIT-enhanced\LICENSE","命中字段/代码模式；未保存匹配行或具体值"
"03_仓库源码","password","02_adjacent\yyngfive__new-course-system\courses.py","命中字段/代码模式；未保存匹配行或具体值"
"03_仓库源码","password","02_adjacent\yyngfive__new-course-system\demo.py","命中字段/代码模式；未保存匹配行或具体值"
"03_仓库源码","password","02_adjacent\yyngfive__new-course-system\README.md","命中字段/代码模式；未保存匹配行或具体值"
"03_仓库源码","password","02_adjacent\zly2006__xjtu-course\login.py","命中字段/代码模式；未保存匹配行或具体值"
"03_仓库源码","password","02_adjacent\zly2006__xjtu-course\main.py","命中字段/代码模式；未保存匹配行或具体值"
"03_仓库源码","password","02_adjacent\zly2006__xjtu-login\src\login.rs","命中字段/代码模式；未保存匹配行或具体值"
"03_仓库源码","password","02_adjacent\zly2006__xjtu-login\src\main.rs","命中字段/代码模式；未保存匹配行或具体值"
"03_仓库源码","secret","00_nnu_direct\XingHeYuZhuan__shiguang_warehouse\resources\YIBINU\yibinu_01.js","命中字段/代码模式；未保存匹配行或具体值"
"03_仓库源码","secret","01_same_stack\davidwushi1145__YNU-xk_spider_Refactoring\src\ynu_xk_spider\config.py","命中字段/代码模式；未保存匹配行或具体值"
"03_仓库源码","secret","01_same_stack\davidwushi1145__YNU-xk_spider_Refactoring\src\ynu_xk_spider\domain\services\login.py","命中字段/代码模式；未保存匹配行或具体值"
"03_仓库源码","secret","01_same_stack\davidwushi1145__YNU-xk_spider_Refactoring\tests\test_browser_manager_options.py","命中字段/代码模式；未保存匹配行或具体值"
"03_仓库源码","secret","01_same_stack\davidwushi1145__YNU-xk_spider_Refactoring\tests\test_config_courses.py","命中字段/代码模式；未保存匹配行或具体值"
"03_仓库源码","secret","01_same_stack\davidwushi1145__YNU-xk_spider_Refactoring\tests\test_course_selector_async_notify.py","命中字段/代码模式；未保存匹配行或具体值"
"03_仓库源码","secret","01_same_stack\davidwushi1145__YNU-xk_spider_Refactoring\tests\test_http_client_thread_local.py","命中字段/代码模式；未保存匹配行或具体值"
"03_仓库源码","secret","01_same_stack\davidwushi1145__YNU-xk_spider_Refactoring\tests\test_login_service_batch_dialog.py","命中字段/代码模式；未保存匹配行或具体值"
"03_仓库源码","secret","01_same_stack\davidwushi1145__YNU-xk_spider_Refactoring\tests\test_spider_resilience.py","命中字段/代码模式；未保存匹配行或具体值"
"03_仓库源码","secret","01_same_stack\HansZ8__BIT-XK-WISEDU\Readme.md","命中字段/代码模式；未保存匹配行或具体值"
"03_仓库源码","secret","01_same_stack\HansZ8__BIT-XK-WISEDU\xk.py","命中字段/代码模式；未保存匹配行或具体值"
"03_仓库源码","secret","01_same_stack\Weeye-hua__SZU-Course-Help\.env.example","命中字段/代码模式；未保存匹配行或具体值"
"03_仓库源码","secret","01_same_stack\Weeye-hua__SZU-Course-Help\app.py","命中字段/代码模式；未保存匹配行或具体值"
"03_仓库源码","secret","01_same_stack\Weeye-hua__SZU-Course-Help\main.py","命中字段/代码模式；未保存匹配行或具体值"
"03_仓库源码","secret","01_same_stack\Weeye-hua__SZU-Course-Help\security\key_manager.py","命中字段/代码模式；未保存匹配行或具体值"
"03_仓库源码","secret","01_same_stack\Weeye-hua__SZU-Course-Help\tests\test_auth_logic.py","命中字段/代码模式；未保存匹配行或具体值"
"03_仓库源码","secret","02_adjacent\Bocchi-Hero__xjtu-seat-monitor\.gitignore","命中字段/代码模式；未保存匹配行或具体值"
"03_仓库源码","secret","02_adjacent\Bocchi-Hero__xjtu-seat-monitor\CONTRIBUTING.md","命中字段/代码模式；未保存匹配行或具体值"
"03_仓库源码","secret","02_adjacent\Bocchi-Hero__xjtu-seat-monitor\docs\ARCHITECTURE.md","命中字段/代码模式；未保存匹配行或具体值"
"03_仓库源码","secret","02_adjacent\Bocchi-Hero__xjtu-seat-monitor\panel_service.py","命中字段/代码模式；未保存匹配行或具体值"
"03_仓库源码","secret","02_adjacent\Bocchi-Hero__xjtu-seat-monitor\scripts\build_release.py","命中字段/代码模式；未保存匹配行或具体值"
"03_仓库源码","secret","02_adjacent\Bocchi-Hero__xjtu-seat-monitor\SECURITY.md","命中字段/代码模式；未保存匹配行或具体值"
"03_仓库源码","secret","02_adjacent\Bocchi-Hero__xjtu-seat-monitor\SERVER_README.txt","命中字段/代码模式；未保存匹配行或具体值"
"03_仓库源码","secret","02_adjacent\Bocchi-Hero__xjtu-seat-monitor\tests\test_panel.py","命中字段/代码模式；未保存匹配行或具体值"
"03_仓库源码","secret","02_adjacent\HeraldStudio__herald-webservice\.gitignore","命中字段/代码模式；未保存匹配行或具体值"
"03_仓库源码","secret","02_adjacent\HeraldStudio__herald-webservice\database\mongodb.js","命中字段/代码模式；未保存匹配行或具体值"
"03_仓库源码","secret","02_adjacent\HeraldStudio__herald-webservice\middleware\logger.js","命中字段/代码模式；未保存匹配行或具体值"
"03_仓库源码","secret","02_adjacent\HeraldStudio__herald-webservice\middleware\redis.js","命中字段/代码模式；未保存匹配行或具体值"
"03_仓库源码","secret","02_adjacent\HeraldStudio__herald-webservice\middleware\spider-server.js","命中字段/代码模式；未保存匹配行或具体值"
"03_仓库源码","secret","02_adjacent\HeraldStudio__herald-webservice\routes\api\admin\maintenance\redis.js","命中字段/代码模式；未保存匹配行或具体值"
"03_仓库源码","secret","02_adjacent\HeraldStudio__herald-webservice\sdk\apn.js","命中字段/代码模式；未保存匹配行或具体值"
"03_仓库源码","secret","02_adjacent\HeraldStudio__herald-webservice\sdk\captcha.js","命中字段/代码模式；未保存匹配行或具体值"
"03_仓库源码","secret","02_adjacent\HeraldStudio__herald-webservice\sdk\qiniu.js","命中字段/代码模式；未保存匹配行或具体值"
"03_仓库源码","secret","02_adjacent\HeraldStudio__herald-webservice\sdk\sdk.example.json","命中字段/代码模式；未保存匹配行或具体值"
"03_仓库源码","secret","02_adjacent\HeraldStudio__herald-webservice\sdk\wechat.js","命中字段/代码模式；未保存匹配行或具体值"
"03_仓库源码","secret","02_adjacent\RyanShaw3__MyScripts\LogonScript\hostloc.py","命中字段/代码模式；未保存匹配行或具体值"
"03_仓库源码","secret","02_adjacent\YDX-2147483647__BIT-enhanced\.github\workflows\sync-repo.yml","命中字段/代码模式；未保存匹配行或具体值"
"03_仓库源码","token","00_nnu_direct\guh0613__ehall-backend\docs\api.md","命中字段/代码模式；未保存匹配行或具体值"
"03_仓库源码","token","00_nnu_direct\XingHeYuZhuan__shiguang_warehouse\resources\CQU\cqu.js","命中字段/代码模式；未保存匹配行或具体值"
"03_仓库源码","token","00_nnu_direct\XingHeYuZhuan__shiguang_warehouse\resources\FJCPC\fjcpc.js","命中字段/代码模式；未保存匹配行或具体值"
"03_仓库源码","token","00_nnu_direct\XingHeYuZhuan__shiguang_warehouse\resources\GZTRC\gztrc_old.js","命中字段/代码模式；未保存匹配行或具体值"
"03_仓库源码","token","00_nnu_direct\XingHeYuZhuan__shiguang_warehouse\resources\YIBINU\yibinu_01.js","命中字段/代码模式；未保存匹配行或具体值"
"03_仓库源码","token","01_same_stack\AriaPokotengYe__SEU-NewSystem-catcher\crawl.py","命中字段/代码模式；未保存匹配行或具体值"
"03_仓库源码","token","01_same_stack\davidwushi1145__YNU-xk_spider_Refactoring\src\ynu_xk_spider\http\client.py","命中字段/代码模式；未保存匹配行或具体值"
"03_仓库源码","token","01_same_stack\davidwushi1145__YNU-xk_spider_Refactoring\src\ynu_xk_spider\http\endpoints.py","命中字段/代码模式；未保存匹配行或具体值"
"03_仓库源码","token","01_same_stack\davidwushi1145__YNU-xk_spider_Refactoring\tests\test_login_service_batch_dialog.py","命中字段/代码模式；未保存匹配行或具体值"
"03_仓库源码","token","01_same_stack\GreenTeodoro839__NJU-xk-helper\lib\common.py","命中字段/代码模式；未保存匹配行或具体值"
"03_仓库源码","token","01_same_stack\HansZ8__BIT-XK-WISEDU\xk.py","命中字段/代码模式；未保存匹配行或具体值"
"03_仓库源码","token","01_same_stack\neiro-o__seuGrabber\api\requests.php","命中字段/代码模式；未保存匹配行或具体值"
"03_仓库源码","token","01_same_stack\TheFunny233__NJUClassGrabber\grab.py","命中字段/代码模式；未保存匹配行或具体值"
"03_仓库源码","token","01_same_stack\tonglinggejimo__Course-Monitor-Grabber\get_the_fxxk_class.py","命中字段/代码模式；未保存匹配行或具体值"
"03_仓库源码","token","01_same_stack\Weeye-hua__SZU-Course-Help\course_list.py","命中字段/代码模式；未保存匹配行或具体值"
"03_仓库源码","token","01_same_stack\WenHe233__CUC-Courses\LICENSE","命中字段/代码模式；未保存匹配行或具体值"
"03_仓库源码","token","01_same_stack\WenHe233__CUC-Courses\xsxk.py","命中字段/代码模式；未保存匹配行或具体值"
"03_仓库源码","token","01_same_stack\YHalo-wyh__YNU-xk_spider-Pro\xk_spider\gui\workers.py","命中字段/代码模式；未保存匹配行或具体值"
"03_仓库源码","token","02_adjacent\BryanHeBY__NJU_NEW_EAS_GRABER\graber.js","命中字段/代码模式；未保存匹配行或具体值"
"03_仓库源码","token","02_adjacent\cells114514__JNU-\get_cookies.py","命中字段/代码模式；未保存匹配行或具体值"
"03_仓库源码","token","02_adjacent\cells114514__JNU-\jwxk.py","命中字段/代码模式；未保存匹配行或具体值"
"03_仓库源码","token","02_adjacent\cells114514__JNU-\query_course.py","命中字段/代码模式；未保存匹配行或具体值"
"03_仓库源码","token","02_adjacent\cells114514__JNU-\query_selected.py","命中字段/代码模式；未保存匹配行或具体值"
"03_仓库源码","token","02_adjacent\Dytchem__Machine-Learning-with-Python\crawler\jwapp\.ipynb_checkpoints\jwapp-checkpoint.py","命中字段/代码模式；未保存匹配行或具体值"
"03_仓库源码","token","02_adjacent\Dytchem__Machine-Learning-with-Python\crawler\jwapp\jwapp.py","命中字段/代码模式；未保存匹配行或具体值"
"03_仓库源码","token","02_adjacent\Dytchem__Machine-Learning-with-Python\crawler\workbench\.ipynb_checkpoints\data-checkpoint.csv","命中字段/代码模式；未保存匹配行或具体值"
"03_仓库源码","token","02_adjacent\Dytchem__Machine-Learning-with-Python\crawler\workbench\data.csv","命中字段/代码模式；未保存匹配行或具体值"
"03_仓库源码","token","02_adjacent\HeraldStudio__herald-webservice\middleware\adapter\appserv.js","命中字段/代码模式；未保存匹配行或具体值"
"03_仓库源码","token","02_adjacent\HeraldStudio__herald-webservice\middleware\adapter\ws2.js","命中字段/代码模式；未保存匹配行或具体值"
"03_仓库源码","token","02_adjacent\HeraldStudio__herald-webservice\middleware\adapter\wx-herald.js","命中字段/代码模式；未保存匹配行或具体值"
"03_仓库源码","token","02_adjacent\HeraldStudio__herald-webservice\routes\api\pe\morningExerciseNotification.js","命中字段/代码模式；未保存匹配行或具体值"
"03_仓库源码","token","02_adjacent\HeraldStudio__herald-webservice\routes\api\pe\setMorningExercise.js","命中字段/代码模式；未保存匹配行或具体值"
"03_仓库源码","token","02_adjacent\HeraldStudio__herald-webservice\sdk\wechat.js","命中字段/代码模式；未保存匹配行或具体值"
"03_仓库源码","token","02_adjacent\HeraldStudio__herald-webservice\worker\morningExerciseNotification.js","命中字段/代码模式；未保存匹配行或具体值"
"03_仓库源码","token","02_adjacent\Hz162__XJTU-Course-Genius\backend\internal\api\router.go","命中字段/代码模式；未保存匹配行或具体值"
"03_仓库源码","token","02_adjacent\jimieguang__qiangke\main.py","命中字段/代码模式；未保存匹配行或具体值"
"03_仓库源码","token","02_adjacent\KrowFeather__Prism\src\composables\useConnectionStatus.ts","命中字段/代码模式；未保存匹配行或具体值"
"03_仓库源码","token","02_adjacent\KW10-2__Gadgets\CoursePyGar\README.md","命中字段/代码模式；未保存匹配行或具体值"
"03_仓库源码","token","02_adjacent\lvttt__xdu-course-helper\src\ui\CaptchaProviderPanel.vue","命中字段/代码模式；未保存匹配行或具体值"
"03_仓库源码","token","02_adjacent\Mellow-Winds__NJU-Hub\background.js","命中字段/代码模式；未保存匹配行或具体值"
"03_仓库源码","token","02_adjacent\Mellow-Winds__NJU-Hub\options\modules\course.js","命中字段/代码模式；未保存匹配行或具体值"
"03_仓库源码","token","02_adjacent\Mellow-Winds__NJU-Hub\scripts\xk\xk_ai.js","命中字段/代码模式；未保存匹配行或具体值"
"03_仓库源码","token","02_adjacent\Othixx__xjtucourse\course_selection.py","命中字段/代码模式；未保存匹配行或具体值"
"03_仓库源码","token","02_adjacent\xjtu-wang__XJTU-Toolbox\getcourse.py","命中字段/代码模式；未保存匹配行或具体值"
"03_仓库源码","token","02_adjacent\YDX-2147483647__BIT-enhanced\LICENSE","命中字段/代码模式；未保存匹配行或具体值"
